frame,track_id,class_id,confidence,x1,y1,x2,y2,cx,cy
0,1,3,0.6253395676612854,351,337,545,405,448.0,371.0
0,2,3,0.6205805540084839,864,342,932,367,898.0,354.5
0,3,3,0.48348912596702576,882,341,962,364,922.0,352.5
0,4,3,0.44173529744148254,0,332,78,384,39.0,358.0
0,5,3,0.4336693286895752,153,380,386,508,269.5,444.0
0,6,1,0.40820395946502686,2,434,47,532,24.5,483.0
0,7,3,0.4043268859386444,0,341,86,444,43.0,392.5
0,8,0,0.362048864364624,981,490,1020,592,1000.5,541.0
0,9,3,0.3441454768180847,215,341,354,387,284.5,364.0
0,10,5,0.34121203422546387,877,525,1271,718,1074.0,621.5
0,11,1,0.3360798954963684,0,433,23,516,11.5,474.5
0,12,3,0.3165704905986786,42,348,238,409,140.0,378.5
0,13,0,0.2774337828159332,374,384,421,486,397.5,435.0
0,14,0,0.26632726192474365,335,402,371,500,353.0,451.0
1,1,3,0.6462788581848145,352,338,547,406,449.5,372.0
1,2,3,0.666167676448822,866,341,933,366,899.5,353.5
1,5,3,0.4056403636932373,160,381,389,507,274.5,444.0
1,6,1,0.27590012550354004,1,430,46,526,23.5,478.0
1,7,3,0.41202512383461,2,334,78,424,40.0,379.0
1,8,0,0.29818373918533325,976,485,1018,593,997.0,539.0
1,9,3,0.29427656531333923,215,342,358,389,286.5,365.5
1,10,5,0.4459470212459564,771,432,1280,717,1025.5,574.5
2,1,3,0.6700803637504578,362,336,558,405,460.0,370.5
2,2,3,0.6444928646087646,856,342,924,367,890.0,354.5
2,5,3,0.4025024473667145,173,382,388,500,280.5,441.0
2,6,1,0.2537708580493927,0,429,45,526,22.5,477.5
2,7,3,0.36150726675987244,4,333,77,420,40.5,376.5
2,8,0,0.3590175211429596,975,483,1017,594,996.0,538.5
2,9,3,0.3001340329647064,217,341,364,390,290.5,365.5
2,12,3,0.3365839123725891,55,348,242,406,148.5,377.0
2,14,0,0.315962016582489,334,403,373,512,353.5,457.5
3,1,3,0.6674305200576782,366,336,563,405,464.5,370.5
3,2,3,0.6549356579780579,847,342,917,368,882.0,355.0
3,5,3,0.2810515761375427,176,383,395,502,285.5,442.5
3,7,3,0.2880566120147705,2,332,80,424,41.0,378.0
3,8,0,0.36450934410095215,974,482,1017,595,995.5,538.5
3,9,3,0.3053867220878601,217,341,358,388,287.5,364.5
4,1,3,0.6379601955413818,375,336,572,406,473.5,371.0
4,2,3,0.6792848110198975,838,342,911,369,874.5,355.5
4,8,0,0.3582543730735779,977,487,1018,593,997.5,540.0
4,9,3,0.33085429668426514,215,341,359,389,287.0,365.0
4,12,3,0.27456939220428467,67,349,240,402,153.5,375.5
5,1,3,0.6445841789245605,379,335,576,405,477.5,370.0
5,2,3,0.6569804549217224,833,342,907,369,870.0,355.5
5,8,0,0.35151949524879456,978,487,1019,594,998.5,540.5
5,9,3,0.4020894169807434,214,341,359,390,286.5,365.5
5,12,3,0.38226744532585144,79,348,251,401,165.0,374.5
6,2,3,0.7216715812683105,830,342,903,369,866.5,355.5
6,8,0,0.32493725419044495,978,488,1018,593,998.0,540.5
6,9,3,0.3109433948993683,210,341,360,391,285.0,366.0
7,2,3,0.6916881799697876,826,341,902,368,864.0,354.5
7,8,0,0.35204386711120605,975,483,1017,594,996.0,538.5
7,9,3,0.36845120787620544,193,341,352,394,272.5,367.5
7,14,0,0.2991407811641693,332,401,371,509,351.5,455.0
7,1,3,0.37815943360328674,384,335,588,407,486.0,371.0
8,2,3,0.6876965761184692,823,341,897,368,860.0,354.5
8,8,0,0.3318386971950531,974,482,1017,595,995.5,538.5
8,9,3,0.6553536653518677,202,341,358,393,280.0,367.0
8,14,0,0.3038225769996643,338,400,375,503,356.5,451.5
8,1,3,0.44892004132270813,396,335,595,406,495.5,370.5
9,2,3,0.5781409740447998,821,341,894,367,857.5,354.0
9,8,0,0.32547470927238464,973,481,1017,595,995.0,538.0
9,9,3,0.6923508048057556,200,341,360,394,280.0,367.5
9,1,3,0.5857776999473572,399,335,601,407,500.0,371.0
9,31,5,0.34916770458221436,999,516,1276,717,1137.5,616.5
10,2,3,0.6455211043357849,814,342,886,368,850.0,355.0
10,8,0,0.3066965639591217,973,480,1017,595,995.0,537.5
10,9,3,0.7457588911056519,212,341,361,391,286.5,366.0
10,1,3,0.2776259779930115,403,334,606,406,504.5,370.0
10,31,5,0.4331999123096466,971,509,1258,717,1114.5,613.0
10,12,3,0.5070102214813232,82,347,252,400,167.0,373.5
11,2,3,0.577749490737915,809,342,881,368,845.0,355.0
11,8,0,0.2828959822654724,973,481,1016,594,994.5,537.5
11,9,3,0.7484259605407715,217,340,364,390,290.5,365.0
11,1,3,0.5069890022277832,409,335,607,406,508.0,370.5
11,31,5,0.44863903522491455,955,504,1249,717,1102.0,610.5
11,36,5,0.42056962847709656,282,377,835,683,558.5,530.0
11,12,3,0.6342796683311462,85,347,252,400,168.5,373.5
12,2,3,0.593314528465271,802,342,876,369,839.0,355.5
12,9,3,0.7491515278816223,220,340,365,389,292.5,364.5
12,31,5,0.40980249643325806,972,510,1258,717,1115.0,613.5
12,36,5,0.33064353466033936,307,397,821,681,564.0,539.0
12,12,3,0.6395147442817688,88,347,252,400,170.0,373.5
12,40,3,0.37564289569854736,721,486,827,608,774.0,547.0
13,2,3,0.7174623012542725,798,342,871,369,834.5,355.5
13,9,3,0.7380623817443848,221,340,366,389,293.5,364.5
13,31,5,0.3742654621601105,988,516,1268,718,1128.0,617.0
13,36,5,0.3000061511993408,266,375,817,681,541.5,528.0
13,12,3,0.6623916029930115,90,347,251,400,170.5,373.5
13,40,3,0.4476272463798523,723,489,825,607,774.0,548.0
13,42,3,0.3813006281852722,726,449,846,532,786.0,490.5
13,1,3,0.2897191345691681,407,335,607,406,507.0,370.5
14,2,3,0.7133504748344421,791,343,864,370,827.5,356.5
14,9,3,0.7374001741409302,226,340,369,388,297.5,364.0
14,31,5,0.4044002890586853,1002,509,1280,717,1141.0,613.0
14,12,3,0.609761118888855,88,347,249,400,168.5,373.5
14,40,3,0.31511467695236206,721,485,827,608,774.0,546.5
14,42,3,0.301773339509964,721,449,849,536,785.0,492.5
14,8,0,0.3403147757053375,977,490,1016,592,996.5,541.0
15,2,3,0.6640924215316772,788,342,859,369,823.5,355.5
15,9,3,0.7005611658096313,235,339,373,387,304.0,363.0
15,31,5,0.42597049474716187,984,507,1273,717,1128.5,612.0
15,12,3,0.6084770560264587,90,347,250,400,170.0,373.5
15,40,3,0.31208720803260803,720,484,827,608,773.5,546.0
15,42,3,0.2720571458339691,720,449,850,538,785.0,493.5
15,8,0,0.31894588470458984,978,491,1015,591,996.5,541.0
16,2,3,0.7817886471748352,781,342,854,369,817.5,355.5
16,9,3,0.7337798476219177,238,339,371,385,304.5,362.0
16,31,5,0.35720908641815186,1003,509,1280,717,1141.5,613.0
16,12,3,0.6908650398254395,94,347,251,400,172.5,373.5
16,40,3,0.3219101130962372,720,485,828,608,774.0,546.5
16,42,3,0.28939902782440186,721,449,850,537,785.5,493.0
16,8,0,0.3642902076244354,978,493,1015,591,996.5,542.0
16,51,3,0.5705037713050842,399,343,481,382,440.0,362.5
16,7,3,0.4264041483402252,10,334,72,402,41.0,368.0
17,2,3,0.7719472646713257,777,342,848,369,812.5,355.5
17,9,3,0.7452509999275208,239,339,371,385,305.0,362.0
17,31,5,0.34999188780784607,1009,508,1280,717,1144.5,612.5
17,12,3,0.7088193893432617,97,347,252,400,174.5,373.5
17,40,3,0.3910999894142151,720,485,827,608,773.5,546.5
17,42,3,0.3342379331588745,724,449,849,535,786.5,492.0
17,8,0,0.355405330657959,978,494,1015,590,996.5,542.0
17,51,3,0.5237286686897278,403,342,482,380,442.5,361.0
17,59,3,0.43872177600860596,386,348,532,393,459.0,370.5
17,7,3,0.5059704184532166,11,337,75,404,43.0,370.5
18,2,3,0.7579856514930725,769,341,843,369,806.0,355.0
18,9,3,0.7211683988571167,240,339,372,385,306.0,362.0
18,31,5,0.3465265929698944,1011,507,1280,717,1145.5,612.0
18,12,3,0.7223885655403137,99,346,253,400,176.0,373.0
18,40,3,0.3294578492641449,719,484,828,609,773.5,546.5
18,42,3,0.29309991002082825,723,449,851,537,787.0,493.0
18,8,0,0.34889400005340576,978,492,1015,591,996.5,541.5
18,51,3,0.40630975365638733,399,342,472,376,435.5,359.0
19,2,3,0.7894720435142517,766,342,839,369,802.5,355.5
19,9,3,0.748578667640686,242,339,374,385,308.0,362.0
19,31,5,0.35423606634140015,1008,511,1280,718,1144.0,614.5
19,12,3,0.7084561586380005,102,346,261,401,181.5,373.5
19,40,3,0.302010178565979,719,484,828,609,773.5,546.5
19,42,3,0.3258853256702423,720,449,849,537,784.5,493.0
19,8,0,0.3244912028312683,978,490,1016,592,997.0,541.0
19,51,3,0.4863636791706085,398,342,464,372,431.0,357.0
19,14,0,0.397546648979187,343,402,373,480,358.0,441.0
19,59,3,0.4691787362098694,393,347,532,390,462.5,368.5
19,7,3,0.42208749055862427,17,348,81,407,49.0,377.5
20,2,3,0.7341051697731018,758,342,832,370,795.0,356.0
20,9,3,0.7662864923477173,243,339,375,385,309.0,362.0
20,31,5,0.3087320923805237,1013,512,1280,717,1146.5,614.5
20,12,3,0.7286399006843567,105,346,267,402,186.0,374.0
20,40,3,0.2751435935497284,719,484,829,610,774.0,547.0
20,42,3,0.34381383657455444,717,448,851,540,784.0,494.0
20,8,0,0.3572199046611786,978,489,1016,593,997.0,541.0
20,51,3,0.49265649914741516,386,342,460,375,423.0,358.5
20,69,3,0.39143693447113037,514,353,678,406,596.0,379.5
20,59,3,0.41693711280822754,391,347,524,389,457.5,368.0
20,7,3,0.49302318692207336,13,351,81,411,47.0,381.0
21,2,3,0.7384083271026611,753,341,827,369,790.0,355.0
21,9,3,0.7471431493759155,244,338,375,385,309.5,361.5
21,31,5,0.33290019631385803,1010,514,1280,717,1145.0,615.5
21,12,3,0.7447015047073364,107,346,272,402,189.5,374.0
21,40,3,0.3246113955974579,719,484,829,610,774.0,547.0
21,42,3,0.3397263288497925,716,448,852,542,784.0,495.0
21,8,0,0.35106027126312256,975,483,1016,595,995.5,539.0
21,51,3,0.4674578011035919,375,341,441,370,408.0,355.5
21,69,3,0.3653745651245117,517,353,684,407,600.5,380.0
21,59,3,0.43986955285072327,394,348,525,390,459.5,369.0
21,7,3,0.4943239390850067,11,351,82,412,46.5,381.5
21,13,0,0.399497926235199,379,395,433,510,406.0,452.5
21,14,0,0.43294864892959595,340,402,377,499,358.5,450.5
22,2,3,0.7211881875991821,747,342,820,370,783.5,356.0
22,9,3,0.7222619652748108,248,338,377,384,312.5,361.0
22,31,5,0.4032329022884369,987,510,1265,717,1126.0,613.5
22,12,3,0.6534398794174194,112,346,275,401,193.5,373.5
22,40,3,0.26066580414772034,718,483,829,611,773.5,547.0
22,42,3,0.32320401072502136,711,447,851,545,781.0,496.0
22,8,0,0.35457468032836914,974,481,1016,596,995.0,538.5
22,51,3,0.4221530854701996,361,341,424,369,392.5,355.0
22,69,4,0.4210621416568756,531,354,698,408,614.5,381.0
22,59,3,0.6331396102905273,396,347,530,390,463.0,368.5
22,7,3,0.3490196764469147,6,352,82,417,44.0,384.5
22,13,0,0.5318151712417603,376,395,427,501,401.5,448.0
22,14,0,0.47249335050582886,338,401,379,506,358.5,453.5
23,2,3,0.7399877905845642,742,343,814,370,778.0,356.5
23,9,3,0.74701988697052,249,338,378,384,313.5,361.0
23,31,5,0.37297436594963074,991,505,1274,717,1132.5,611.0
23,12,3,0.6011763215065002,113,346,277,401,195.0,373.5
23,40,3,0.266714870929718,718,483,829,611,773.5,547.0
23,42,3,0.27922579646110535,711,447,853,547,782.0,497.0
23,8,0,0.33558300137519836,976,484,1016,594,996.0,539.0
23,51,3,0.4243050813674927,358,341,423,370,390.5,355.5
23,59,3,0.621164858341217,398,347,531,391,464.5,369.0
23,7,3,0.41179919242858887,3,352,81,417,42.0,384.5
23,13,0,0.5444225072860718,375,395,424,498,399.5,446.5
23,14,0,0.47254490852355957,338,400,379,505,358.5,452.5
23,73,3,0.4635070562362671,623,355,688,401,655.5,378.0
24,2,3,0.7600946426391602,736,343,807,370,771.5,356.5
24,9,3,0.7055827975273132,250,338,379,385,314.5,361.5
24,31,5,0.4117206931114197,973,504,1260,717,1116.5,610.5
24,12,3,0.5918856263160706,115,346,277,400,196.0,373.0
24,40,3,0.3228113353252411,718,484,828,610,773.0,547.0
24,42,3,0.30220532417297363,714,446,852,544,783.0,495.0
24,8,0,0.32611945271492004,977,486,1016,593,996.5,539.5
24,51,3,0.30573803186416626,348,340,412,369,380.0,354.5
24,59,3,0.7525475025177002,404,346,534,390,469.0,368.0
24,7,3,0.36078941822052,7,354,84,416,45.5,385.0
24,13,0,0.39341098070144653,378,396,423,491,400.5,443.5
24,14,0,0.36530232429504395,338,399,378,499,358.0,449.0
24,73,3,0.49422597885131836,636,358,696,400,666.0,379.0
24,69,3,0.3200267553329468,541,352,700,403,620.5,377.5
25,2,3,0.702275276184082,732,343,802,370,767.0,356.5
25,9,3,0.6870891451835632,254,340,379,384,316.5,362.0
25,31,5,0.33591023087501526,990,509,1271,718,1130.5,613.5
25,12,3,0.6212528347969055,115,346,278,399,196.5,372.5
25,40,3,0.3031661808490753,719,485,828,610,773.5,547.5
25,8,0,0.32256871461868286,975,483,1015,592,995.0,537.5
25,59,3,0.7870122194290161,408,346,534,389,471.0,367.5
25,7,3,0.3324047923088074,7,354,83,414,45.0,384.0
25,13,0,0.40199267864227295,379,395,422,488,400.5,441.5
25,14,0,0.3614358603954315,339,399,376,487,357.5,443.0
25,73,3,0.5085626840591431,645,359,702,398,673.5,378.5
26,2,3,0.6586368680000305,726,342,795,368,760.5,355.0
26,9,3,0.7034444212913513,257,340,380,384,318.5,362.0
26,31,5,0.26510581374168396,1004,515,1275,718,1139.5,616.5
26,12,3,0.6476001739501953,116,346,279,399,197.5,372.5
26,40,3,0.28757473826408386,719,485,828,610,773.5,547.5
26,8,0,0.38730689883232117,974,481,1015,592,994.5,536.5
26,59,3,0.7982637286186218,414,346,537,388,475.5,367.0
26,7,3,0.4411871135234833,13,353,95,414,54.0,383.5
26,13,0,0.47951868176460266,379,395,420,486,399.5,440.5
26,14,0,0.4198305010795593,339,399,375,484,357.0,441.5
27,2,3,0.7029476165771484,723,343,791,368,757.0,355.5
27,9,3,0.7222763299942017,258,340,381,384,319.5,362.0
27,31,5,0.2808349132537842,1010,519,1275,718,1142.5,618.5
27,12,3,0.6198655366897583,115,346,282,400,198.5,373.0
27,40,3,0.3119541108608246,719,486,827,609,773.0,547.5
27,8,0,0.350902795791626,974,481,1015,591,994.5,536.0
27,59,3,0.8058955073356628,419,346,542,389,480.5,367.5
27,7,3,0.40555357933044434,12,364,87,418,49.5,391.0
27,13,0,0.46772873401641846,378,395,419,485,398.5,440.0
27,14,0,0.5048247575759888,339,400,374,482,356.5,441.0
27,83,3,0.4738503098487854,1,387,67,468,34.0,427.5
27,85,3,0.4203651249408722,624,338,690,373,657.0,355.5
28,2,3,0.6444849967956543,716,343,787,370,751.5,356.5
28,9,3,0.719325065612793,259,340,382,384,320.5,362.0
28,12,3,0.675236165523529,117,346,283,400,200.0,373.0
28,8,0,0.3708653450012207,977,485,1015,589,996.0,537.0
28,59,3,0.8275398015975952,423,346,544,388,483.5,367.0
28,13,0,0.45191577076911926,378,394,419,484,398.5,439.0
28,14,0,0.4399886429309845,339,400,375,482,357.0,441.0
28,83,3,0.3441738784313202,0,388,71,475,35.5,431.5
28,85,3,0.4833614230155945,630,338,695,373,662.5,355.5
28,89,3,0.5176392197608948,0,350,143,410,71.5,380.0
28,90,3,0.4456669092178345,631,343,723,388,677.0,365.5
29,2,3,0.5161741375923157,712,341,784,369,748.0,355.0
29,9,3,0.7364335060119629,260,340,383,384,321.5,362.0
29,12,3,0.7057693600654602,120,346,285,400,202.5,373.0
29,8,0,0.39829719066619873,977,486,1016,590,996.5,538.0
29,59,3,0.8216063976287842,424,346,545,388,484.5,367.0
29,13,0,0.45949721336364746,378,394,419,484,398.5,439.0
29,14,0,0.4237062335014343,339,401,375,482,357.0,441.5
29,83,3,0.3756023347377777,0,388,73,477,36.5,432.5
29,89,3,0.5172948837280273,3,349,155,413,79.0,381.0
29,90,3,0.4486531913280487,629,341,717,384,673.0,362.5
30,2,3,0.43437108397483826,710,341,781,369,745.5,355.0
30,9,3,0.7650068402290344,260,340,384,384,322.0,362.0
30,12,3,0.7411624789237976,115,346,283,401,199.0,373.5
30,8,0,0.4443175196647644,979,491,1016,591,997.5,541.0
30,59,3,0.8227763175964355,427,345,550,389,488.5,367.0
30,13,0,0.39598149061203003,378,394,419,484,398.5,439.0
30,14,0,0.43214669823646545,339,401,375,482,357.0,441.5
30,83,3,0.2923913300037384,0,386,74,477,37.0,431.5
30,89,3,0.3301014304161072,0,349,145,410,72.5,379.5
30,90,3,0.45048195123672485,642,341,733,385,687.5,363.0
30,31,5,0.2533028721809387,1012,506,1280,717,1146.0,611.5
31,2,3,0.3275061547756195,707,340,777,368,742.0,354.0
31,9,3,0.7778896689414978,259,338,386,384,322.5,361.0
31,12,3,0.7086331844329834,112,346,283,401,197.5,373.5
31,8,0,0.44034820795059204,979,492,1016,592,997.5,542.0
31,59,3,0.8115799427032471,430,345,553,389,491.5,367.0
31,13,0,0.40492790937423706,379,394,419,483,399.0,438.5
31,14,0,0.40054118633270264,339,401,375,481,357.0,441.0
31,31,5,0.26899853348731995,1013,513,1280,717,1146.5,615.0
32,9,3,0.8068601489067078,260,338,387,384,323.5,361.0
32,12,3,0.6779000163078308,121,344,289,399,205.0,371.5
32,8,0,0.417094349861145,978,491,1016,593,997.0,542.0
32,59,3,0.8326233625411987,434,345,556,388,495.0,366.5
32,13,0,0.37580978870391846,380,393,420,482,400.0,437.5
32,14,0,0.3447221517562866,339,401,375,482,357.0,441.5
32,31,5,0.3111078143119812,1014,520,1274,718,1144.0,619.0
32,83,3,0.37853267788887024,7,376,69,451,38.0,413.5
32,89,3,0.3826903700828552,24,347,148,398,86.0,372.5
33,9,3,0.804553210735321,261,338,388,384,324.5,361.0
33,12,3,0.7084119915962219,125,344,293,398,209.0,371.0
33,8,0,0.3084959387779236,976,486,1015,593,995.5,539.5
33,59,3,0.8253012895584106,439,346,559,388,499.0,367.0
33,13,0,0.3620724081993103,381,393,421,482,401.0,437.5
33,14,0,0.35553911328315735,335,405,374,494,354.5,449.5
33,31,5,0.34786081314086914,1009,515,1274,717,1141.5,616.0
33,83,3,0.38493943214416504,7,374,69,447,38.0,410.5
33,89,3,0.3713091313838959,23,346,149,397,86.0,371.5
34,9,3,0.7198969721794128,259,338,388,384,323.5,361.0
34,12,3,0.6965897679328918,137,344,304,399,220.5,371.5
34,8,0,0.2762763500213623,976,485,1014,588,995.0,536.5
34,59,3,0.8165944218635559,442,345,563,388,502.5,366.5
34,13,0,0.4005345404148102,380,393,421,484,400.5,438.5
34,14,0,0.3841235339641571,338,402,376,487,357.0,444.5
34,31,5,0.3432900011539459,954,507,1241,718,1097.5,612.5
34,89,3,0.512328028678894,18,347,175,410,96.5,378.5
35,9,3,0.7191510200500488,261,338,390,384,325.5,361.0
35,12,3,0.6919065117835999,142,344,308,399,225.0,371.5
35,59,3,0.8175068497657776,441,345,565,389,503.0,367.0
35,13,0,0.3942940831184387,379,392,421,486,400.0,439.0
35,14,0,0.37484097480773926,339,401,377,485,358.0,443.0
35,31,5,0.3537535071372986,929,496,1238,718,1083.5,607.0
36,9,3,0.7391645312309265,264,338,392,384,328.0,361.0
36,12,3,0.6638549566268921,129,345,302,401,215.5,373.0
36,59,3,0.7990673780441284,443,345,570,390,506.5,367.5
36,13,0,0.4081127345561981,376,391,424,498,400.0,444.5
36,14,0,0.35479557514190674,336,401,380,498,358.0,449.5
36,31,5,0.4850298762321472,891,483,1230,719,1060.5,601.0
36,83,3,0.3860839903354645,8,369,70,441,39.0,405.0
36,8,0,0.3568378984928131,973,474,1016,588,994.5,531.0
37,9,3,0.7598502039909363,266,338,393,383,329.5,360.5
37,12,3,0.6704472899436951,147,345,316,401,231.5,373.0
37,59,3,0.780368447303772,451,345,576,390,513.5,367.5
37,13,0,0.36805981397628784,375,390,427,507,401.0,448.5
37,14,0,0.34308764338493347,335,401,382,505,358.5,453.0
37,31,5,0.40899187326431274,877,486,1224,719,1050.5,602.5
37,83,3,0.35680487751960754,7,368,71,441,39.0,404.5
37,8,0,0.361380398273468,971,470,1014,582,992.5,526.0
37,90,3,0.3675834834575653,685,336,761,371,723.0,353.5
37,89,3,0.5272984504699707,33,348,202,415,117.5,381.5
38,9,3,0.7203221321105957,267,338,395,384,331.0,361.0
38,12,3,0.5806328058242798,160,345,325,400,242.5,372.5
38,59,3,0.7815126180648804,456,344,581,389,518.5,366.5
38,13,0,0.30319881439208984,375,389,434,524,404.5,456.5
38,31,5,0.5639251470565796,866,481,1230,720,1048.0,600.5
38,83,3,0.4452230632305145,6,369,71,441,38.5,405.0
38,8,0,0.260291188955307,972,472,1013,581,992.5,526.5
38,121,4,0.4670844078063965,724,375,941,475,832.5,425.0
38,89,3,0.5794433951377869,36,348,208,415,122.0,381.5
39,9,3,0.6932136416435242,271,339,396,384,333.5,361.5
39,12,3,0.5184595584869385,163,345,328,400,245.5,372.5
39,59,3,0.7663264870643616,462,344,585,389,523.5,366.5
39,31,5,0.49732691049575806,865,486,1229,720,1047.0,603.0
39,83,3,0.5367165207862854,7,369,69,437,38.0,403.0
39,8,0,0.33192604780197144,971,471,1013,582,992.0,526.5
39,121,4,0.32317888736724854,740,375,953,473,846.5,424.0
39,89,3,0.5886852145195007,47,348,220,415,133.5,381.5
40,9,3,0.6554385423660278,276,339,400,384,338.0,361.5
40,12,3,0.625446617603302,172,345,339,402,255.5,373.5
40,59,3,0.7620166540145874,466,344,587,388,526.5,366.0
40,31,5,0.5024147033691406,832,444,1261,720,1046.5,582.0
40,83,3,0.5882154703140259,6,368,69,436,37.5,402.0
40,8,0,0.26123833656311035,971,471,1013,583,992.0,527.0
40,89,3,0.6374549865722656,59,348,232,416,145.5,382.0
41,9,3,0.6927775740623474,264,338,394,384,329.0,361.0
41,12,3,0.5674048662185669,179,345,347,403,263.0,374.0
41,59,3,0.7600239515304565,468,344,590,388,529.0,366.0
41,31,5,0.44760268926620483,815,421,1273,720,1044.0,570.5
41,83,3,0.5357154011726379,6,368,69,434,37.5,401.0
41,8,0,0.3043018579483032,971,471,1013,584,992.0,527.5
41,89,3,0.5574408769607544,70,349,241,416,155.5,382.5
41,69,3,0.6336480379104614,648,334,865,408,756.5,371.0
42,9,3,0.7080052495002747,263,338,395,384,329.0,361.0
42,12,3,0.598313570022583,189,344,351,401,270.0,372.5
42,59,3,0.806383490562439,471,343,598,389,534.5,366.0
42,31,5,0.45051872730255127,811,414,1278,720,1044.5,567.0
42,83,3,0.4680245518684387,7,368,69,431,38.0,399.5
42,8,0,0.3122577667236328,970,470,1014,585,992.0,527.5
42,89,3,0.6586407423019409,84,349,254,417,169.0,383.0
42,138,3,0.47311824560165405,763,377,875,433,819.0,405.0
42,69,3,0.6232969164848328,664,334,872,408,768.0,371.0
42,14,0,0.26478829979896545,335,402,382,508,358.5,455.0
42,121,3,0.4731123149394989,783,361,939,432,861.0,396.5
43,9,3,0.6727515459060669,275,338,404,384,339.5,361.0
43,12,3,0.5582011342048645,195,344,355,401,275.0,372.5
43,59,3,0.7979977130889893,474,343,602,389,538.0,366.0
43,31,5,0.4649772346019745,807,402,1280,719,1043.5,560.5
43,83,3,0.46157699823379517,7,367,69,429,38.0,398.0
43,8,0,0.34015098214149475,970,469,1015,589,992.5,529.0
43,89,3,0.5850080847740173,95,351,263,417,179.0,384.0
43,138,3,0.5551985502243042,780,377,888,431,834.0,404.0
43,69,3,0.6335280537605286,677,334,878,408,777.5,371.0
43,139,3,0.35538482666015625,109,328,218,371,163.5,349.5
43,14,0,0.29399678111076355,335,402,382,507,358.5,454.5
43,121,3,0.4286188781261444,795,360,958,434,876.5,397.0
44,9,3,0.6907644867897034,269,338,406,386,337.5,362.0
44,12,3,0.6085029244422913,203,344,360,400,281.5,372.0
44,59,3,0.8092181086540222,482,343,608,389,545.0,366.0
44,31,5,0.5502263307571411,804,397,1280,719,1042.0,558.0
44,83,3,0.437208354473114,19,368,84,427,51.5,397.5
44,89,3,0.6718512177467346,106,353,267,416,186.5,384.5
44,138,3,0.5706045031547546,807,378,909,429,858.0,403.5
44,69,4,0.2886255979537964,693,332,893,409,793.0,370.5
44,139,3,0.3269747197628021,108,327,225,373,166.5,350.0
44,14,0,0.2731987237930298,336,403,381,503,358.5,453.0
45,9,3,0.6858401298522949,266,338,408,388,337.0,363.0
45,12,3,0.6239706873893738,207,344,365,401,286.0,372.5
45,59,3,0.8236820101737976,485,342,611,389,548.0,365.5
45,31,5,0.5215394496917725,806,395,1280,720,1043.0,557.5
45,83,3,0.4362999498844147,12,370,73,424,42.5,397.0
45,89,3,0.673568844795227,112,353,273,416,192.5,384.5
45,138,3,0.6093570590019226,822,376,934,432,878.0,404.0
45,69,4,0.3756099343299866,705,331,904,410,804.5,370.5
45,139,3,0.38760000467300415,105,327,228,375,166.5,351.0
45,14,0,0.2816590666770935,336,403,381,502,358.5,452.5
46,9,3,0.6397286057472229,273,339,411,387,342.0,363.0
46,12,3,0.6527392268180847,201,345,363,404,282.0,374.5
46,59,3,0.7600081562995911,490,343,611,388,550.5,365.5
46,31,5,0.43498390913009644,813,400,1280,719,1046.5,559.5
46,83,3,0.3675885796546936,7,370,72,426,39.5,398.0
46,89,3,0.6102949380874634,119,353,280,416,199.5,384.5
46,138,3,0.30906444787979126,848,374,967,434,907.5,404.0
46,69,4,0.36060577630996704,722,330,922,411,822.0,370.5
46,139,3,0.30050915479660034,109,327,243,379,176.0,353.0
46,14,0,0.2687927484512329,337,403,381,501,359.0,452.0
47,9,3,0.5725215673446655,283,338,415,385,349.0,361.5
47,12,3,0.5021133422851562,219,342,378,399,298.5,370.5
47,59,3,0.7653542160987854,496,342,617,388,556.5,365.0
47,31,5,0.38781651854515076,852,461,1245,720,1048.5,590.5
47,89,3,0.4842434823513031,146,348,317,412,231.5,380.0
47,138,3,0.25090885162353516,867,372,994,436,930.5,404.0
47,69,4,0.43340808153152466,737,330,934,411,835.5,370.5
47,139,3,0.38235267996788025,108,327,246,380,177.0,353.5
47,14,0,0.3732489347457886,337,401,382,501,359.5,451.0
47,8,0,0.28717318177223206,971,468,1016,590,993.5,529.0
48,9,3,0.44450142979621887,291,337,421,384,356.0,360.5
48,12,3,0.42827287316322327,229,340,387,397,308.0,368.5
48,59,3,0.691001296043396,500,343,616,387,558.0,365.0
48,89,3,0.6731199026107788,144,349,320,415,232.0,382.0
48,69,4,0.5032469630241394,752,331,946,411,849.0,371.0
48,139,3,0.4017561078071594,107,326,254,383,180.5,354.5
48,14,0,0.4526890516281128,337,399,383,503,360.0,451.0
48,144,3,0.3392663300037384,4,374,167,466,85.5,420.0
48,8,0,0.43923360109329224,970,478,1017,604,993.5,541.0
49,9,3,0.5310763716697693,276,338,419,390,347.5,364.0
49,12,3,0.5581811666488647,209,342,378,401,293.5,371.5
49,59,3,0.6830145120620728,503,342,619,387,561.0,364.5
49,89,3,0.7281906604766846,146,350,321,416,233.5,383.0
49,69,4,0.28656819462776184,771,331,966,412,868.5,371.5
49,139,3,0.4247346520423889,106,326,258,385,182.0,355.5
49,14,0,0.3726668357849121,336,398,384,508,360.0,453.0
49,144,3,0.2705842852592468,0,367,174,464,87.0,415.5
49,8,0,0.4716334342956543,976,487,1018,602,997.0,544.5
50,9,3,0.6578658819198608,274,338,428,394,351.0,366.0
50,59,3,0.6715408563613892,515,341,633,387,574.0,364.0
50,89,3,0.6812881231307983,159,351,334,416,246.5,383.5
50,69,4,0.45632871985435486,788,332,984,412,886.0,372.0
50,139,3,0.5037447810173035,110,325,258,382,184.0,353.5
50,8,0,0.5149930119514465,978,491,1020,605,999.0,548.0
51,9,3,0.6290333867073059,273,339,429,396,351.0,367.5
51,59,3,0.7216778993606567,522,340,642,388,582.0,364.0
51,89,3,0.7051810622215271,165,351,342,417,253.5,384.0
51,69,3,0.4764561057090759,800,333,995,413,897.5,373.0
51,139,3,0.5629462599754333,112,324,261,382,186.5,353.0
51,8,0,0.49805352091789246,979,490,1020,602,999.5,546.0
51,154,1,0.31456151604652405,499,404,560,486,529.5,445.0
52,9,3,0.6851264834403992,279,339,435,397,357.0,368.0
52,59,3,0.7985175848007202,531,340,652,388,591.5,364.0
52,89,3,0.7440916299819946,178,350,361,418,269.5,384.0
52,69,4,0.5238381028175354,818,332,1016,413,917.0,372.5
52,139,3,0.6649388074874878,121,323,263,378,192.0,350.5
52,8,0,0.5309072732925415,981,494,1019,598,1000.0,546.0
52,154,1,0.29010331630706787,499,405,559,485,529.0,445.0
52,83,3,0.34013086557388306,0,362,80,434,40.0,398.0
53,9,3,0.699242353439331,281,339,439,398,360.0,368.5
53,59,3,0.8310920596122742,537,340,658,388,597.5,364.0
53,89,3,0.751532793045044,187,349,374,419,280.5,384.0
53,69,8,0.5943694114685059,835,332,1037,413,936.0,372.5
53,139,3,0.6044328808784485,124,322,264,376,194.0,349.0
53,8,0,0.5240150690078735,982,494,1019,594,1000.5,544.0
53,83,3,0.2932572066783905,0,363,80,436,40.0,399.5
54,9,3,0.7282552123069763,288,339,438,395,363.0,367.0
54,59,3,0.8511115908622742,541,339,665,388,603.0,363.5
54,89,3,0.775192379951477,196,348,384,419,290.0,383.5
54,69,8,0.7027319073677063,852,332,1058,413,955.0,372.5
54,139,3,0.43359634280204773,129,323,270,377,199.5,350.0
54,8,0,0.44092831015586853,981,489,1020,594,1000.5,541.5
54,83,3,0.3303224444389343,0,360,84,438,42.0,399.0
54,31,5,0.3839793801307678,865,485,1233,720,1049.0,602.5
54,14,0,0.3293740451335907,340,398,382,497,361.0,447.5
54,144,3,0.5575738549232483,10,361,208,470,109.0,415.5
55,9,3,0.6605678796768188,289,339,443,397,366.0,368.0
55,59,3,0.8315971493721008,543,339,669,389,606.0,364.0
55,89,3,0.7510349154472351,204,349,392,419,298.0,384.0
55,69,8,0.6229172945022583,872,332,1083,413,977.5,372.5
55,139,3,0.39205309748649597,128,323,269,376,198.5,349.5
55,8,0,0.4740007817745209,977,483,1019,595,998.0,539.0
55,83,3,0.35806629061698914,0,368,82,442,41.0,405.0
55,31,5,0.3063150644302368,869,498,1230,720,1049.5,609.0
55,14,0,0.3849990963935852,339,401,382,502,360.5,451.5
55,144,3,0.5702399015426636,11,359,215,472,113.0,415.5
56,9,3,0.6925868988037109,303,339,456,396,379.5,367.5
56,59,3,0.7353014945983887,553,339,678,388,615.5,363.5
56,89,3,0.8081277012825012,210,348,400,420,305.0,384.0
56,69,8,0.8277165293693542,883,332,1098,413,990.5,372.5
56,139,3,0.43739554286003113,129,321,275,376,202.0,348.5
56,8,0,0.4558005630970001,979,485,1020,593,999.5,539.0
56,83,3,0.40314456820487976,0,365,85,442,42.5,403.5
56,31,5,0.33107465505599976,878,512,1228,718,1053.0,615.0
56,14,0,0.39815276861190796,340,400,382,499,361.0,449.5
56,144,3,0.6651024222373962,53,366,248,476,150.5,421.0
57,9,3,0.6657446622848511,309,337,458,393,383.5,365.0
57,59,3,0.7554983496665955,562,339,686,388,624.0,363.5
57,89,3,0.7760574221611023,217,349,403,419,310.0,384.0
57,69,8,0.7562165856361389,894,330,1117,413,1005.5,371.5
57,139,3,0.2700495719909668,133,320,278,375,205.5,347.5
57,8,0,0.4628630578517914,981,487,1020,592,1000.5,539.5
57,83,3,0.4084470272064209,0,368,83,446,41.5,407.0
57,31,5,0.28471872210502625,888,518,1235,718,1061.5,618.0
57,14,0,0.46360716223716736,340,400,381,498,360.5,449.0
57,144,3,0.6582246422767639,73,369,263,478,168.0,423.5
58,9,3,0.6537598967552185,311,337,476,400,393.5,368.5
58,59,3,0.7218726873397827,571,340,692,388,631.5,364.0
58,89,3,0.596716582775116,223,351,399,417,311.0,384.0
58,69,8,0.7227237224578857,910,329,1141,413,1025.5,371.0
58,8,0,0.4122188687324524,978,482,1019,590,998.5,536.0
58,31,5,0.4521915912628174,865,502,1245,718,1055.0,610.0
58,14,0,0.4678160548210144,339,401,381,501,360.0,451.0
58,144,3,0.4213641583919525,60,369,250,476,155.0,422.5
58,167,3,0.6486462950706482,223,347,309,388,266.0,367.5
59,9,3,0.7026473879814148,317,337,483,402,400.0,369.5
59,59,3,0.706207275390625,577,341,696,388,636.5,364.5
59,89,3,0.6210827231407166,244,354,407,416,325.5,385.0
59,69,8,0.8153167963027954,925,329,1163,414,1044.0,371.5
59,8,0,0.4060252010822296,978,481,1019,589,998.5,535.0
59,31,5,0.45130184292793274,852,492,1253,717,1052.5,604.5
59,14,0,0.4760051369667053,339,400,380,500,359.5,450.0
59,144,3,0.4261092245578766,45,369,240,476,142.5,422.5
59,167,3,0.6662497520446777,224,346,311,389,267.5,367.5
60,9,3,0.6515103578567505,325,336,492,402,408.5,369.0
60,59,3,0.5856057405471802,585,341,703,388,644.0,364.5
60,89,3,0.561069667339325,267,357,423,417,345.0,387.0
60,69,8,0.7577983736991882,948,329,1193,414,1070.5,371.5
60,8,0,0.3722308576107025,978,481,1019,587,998.5,534.0
60,31,5,0.47532370686531067,853,496,1251,717,1052.0,606.5
60,14,0,0.3119436502456665,338,407,378,502,358.0,454.5
60,144,3,0.3930036425590515,76,368,272,478,174.0,423.0
60,167,3,0.6740454435348511,227,346,314,388,270.5,367.0
61,9,3,0.6194391250610352,329,337,497,403,413.0,370.0
61,59,3,0.6173369288444519,601,343,714,387,657.5,365.0
61,89,3,0.5867806673049927,280,356,439,418,359.5,387.0
61,69,8,0.8081724047660828,961,328,1213,414,1087.0,371.0
61,8,0,0.3491315245628357,978,480,1019,585,998.5,532.5
61,31,5,0.5494964718818665,847,492,1255,717,1051.0,604.5
61,14,0,0.30061864852905273,337,409,376,503,356.5,456.0
61,144,3,0.6222885251045227,90,367,285,476,187.5,421.5
61,167,3,0.7370670437812805,230,346,317,388,273.5,367.0
62,9,3,0.3914202153682709,332,336,513,409,422.5,372.5
62,59,3,0.6317868828773499,614,343,725,387,669.5,365.0
62,89,3,0.5925514698028564,291,359,442,418,366.5,388.5
62,69,8,0.8927404284477234,977,328,1239,414,1108.0,371.0
62,8,0,0.3744669556617737,977,479,1019,584,998.0,531.5
62,31,5,0.4587322771549225,818,458,1280,718,1049.0,588.0
62,14,0,0.3269037902355194,336,413,374,504,355.0,458.5
62,144,3,0.36797863245010376,86,366,289,480,187.5,423.0
62,167,3,0.7307085394859314,233,346,320,387,276.5,366.5
63,9,3,0.43350091576576233,338,339,519,411,428.5,375.0
63,59,3,0.5872791409492493,626,347,730,388,678.0,367.5
63,69,8,0.9082576036453247,988,327,1255,414,1121.5,370.5
63,8,0,0.4457741379737854,977,478,1020,584,998.5,531.0
63,14,0,0.3936861455440521,335,414,372,503,353.5,458.5
63,144,3,0.5319046974182129,97,363,299,477,198.0,420.0
63,167,3,0.7362356185913086,235,345,323,388,279.0,366.5
64,9,3,0.4445693790912628,338,336,533,415,435.5,375.5
64,59,3,0.7026640176773071,630,344,740,388,685.0,366.0
64,69,8,0.8863102793693542,995,327,1269,415,1132.0,371.0
64,8,0,0.43688663840293884,976,479,1021,586,998.5,532.5
64,14,0,0.4115131199359894,332,409,372,504,352.0,456.5
64,144,3,0.35818541049957275,102,362,308,478,205.0,420.0
64,167,3,0.6479048132896423,240,345,333,388,286.5,366.5
64,89,3,0.3460164964199066,321,369,463,425,392.0,397.0
64,31,5,0.4204932451248169,828,471,1271,719,1049.5,595.0
65,9,3,0.37311843037605286,358,350,531,418,444.5,384.0
65,59,3,0.765444278717041,633,342,747,388,690.0,365.0
65,69,8,0.8343527317047119,997,327,1280,418,1138.5,372.5
65,8,0,0.46164029836654663,977,480,1021,586,999.0,533.0
65,14,0,0.3901739716529846,331,408,371,504,351.0,456.0
65,167,3,0.6492713689804077,241,345,338,390,289.5,367.5
65,89,3,0.3281203806400299,329,371,465,425,397.0,398.0
65,31,5,0.3045300245285034,838,484,1261,719,1049.5,601.5
66,9,3,0.4189998209476471,366,348,551,422,458.5,385.0
66,59,3,0.7744365334510803,638,342,754,388,696.0,365.0
66,69,8,0.9024577140808105,995,327,1280,426,1137.5,376.5
66,8,0,0.46718835830688477,977,479,1022,586,999.5,532.5
66,14,0,0.4499068558216095,330,408,370,505,350.0,456.5
66,167,3,0.7420283555984497,245,344,345,391,295.0,367.5
66,185,0,0.35874348878860474,833,418,862,519,847.5,468.5
67,9,3,0.6469290852546692,376,350,563,424,469.5,387.0
67,59,3,0.7853932976722717,643,341,760,388,701.5,364.5
67,69,8,0.8631129860877991,1001,326,1280,428,1140.5,377.0
67,8,0,0.4565145969390869,977,479,1022,585,999.5,532.0
67,14,0,0.6145501136779785,330,410,369,505,349.5,457.5
67,167,3,0.7249872088432312,247,344,348,391,297.5,367.5
67,185,0,0.38724714517593384,833,417,861,519,847.0,468.0
68,9,3,0.7835863828659058,382,343,581,422,481.5,382.5
68,59,3,0.7723138928413391,647,339,770,387,708.5,363.0
68,69,8,0.8350175619125366,1003,327,1280,436,1141.5,381.5
68,8,0,0.3599250614643097,976,477,1022,583,999.0,530.0
68,167,3,0.6491386890411377,249,344,352,392,300.5,368.0
68,185,0,0.30175334215164185,833,417,862,521,847.5,469.0
68,190,3,0.36084938049316406,23,354,366,506,194.5,430.0
68,144,8,0.5848910212516785,48,352,342,513,195.0,432.5
69,9,3,0.6018499732017517,385,340,591,421,488.0,380.5
69,59,3,0.8119028806686401,655,338,778,386,716.5,362.0
69,69,8,0.8536532521247864,1007,326,1280,441,1143.5,383.5
69,8,0,0.4126415252685547,976,476,1022,581,999.0,528.5
69,167,3,0.6493128538131714,254,344,355,390,304.5,367.0
69,185,0,0.3610115647315979,834,417,862,520,848.0,468.5
69,190,3,0.38316988945007324,29,353,358,499,193.5,426.0
69,144,8,0.39959093928337097,34,352,344,517,189.0,434.5
70,9,3,0.6597505211830139,388,340,599,423,493.5,381.5
70,59,3,0.820314884185791,668,340,790,387,729.0,363.5
70,69,8,0.7637154459953308,1022,327,1280,440,1151.0,383.5
70,8,0,0.3604593873023987,976,479,1023,586,999.5,532.5
70,167,3,0.6457124352455139,258,344,364,392,311.0,368.0
70,185,0,0.3196684718132019,834,417,862,517,848.0,467.0
70,190,3,0.4042496085166931,61,355,391,503,226.0,429.0
70,14,0,0.4163191616535187,326,414,365,508,345.5,461.0
71,9,3,0.5920098423957825,393,341,602,423,497.5,382.0
71,59,3,0.8149104714393616,674,338,799,386,736.5,362.0
71,69,8,0.7846226692199707,1041,327,1280,434,1160.5,380.5
71,8,0,0.3409026861190796,976,480,1023,587,999.5,533.5
71,167,3,0.6384252905845642,260,343,364,390,312.0,366.5
71,185,0,0.33442598581314087,835,417,861,512,848.0,464.5
71,190,3,0.5077889561653137,76,356,393,498,234.5,427.0
71,14,0,0.5048357248306274,326,416,365,508,345.5,462.0
72,9,3,0.6675503849983215,438,345,643,424,540.5,384.5
72,59,3,0.83258056640625,685,338,811,386,748.0,362.0
72,69,8,0.7230368256568909,1065,327,1280,426,1172.5,376.5
72,8,0,0.2799897789955139,976,475,1023,582,999.5,528.5
72,167,3,0.6438735723495483,264,343,370,391,317.0,367.0
72,185,0,0.299172967672348,835,417,861,512,848.0,464.5
72,190,3,0.7373079657554626,81,360,393,500,237.0,430.0
72,14,0,0.3739059567451477,325,418,364,511,344.5,464.5
72,195,3,0.389018714427948,0,343,66,434,33.0,388.5
72,196,3,0.5774849057197571,401,332,557,398,479.0,365.0
73,9,3,0.6724117398262024,468,347,672,426,570.0,386.5
73,59,3,0.8423486351966858,694,338,819,386,756.5,362.0
73,69,8,0.7122049927711487,1079,327,1280,423,1179.5,375.0
73,8,0,0.2568976879119873,976,477,1023,586,999.5,531.5
73,167,3,0.6159055829048157,259,342,370,392,314.5,367.0
73,185,0,0.29924216866493225,835,417,861,512,848.0,464.5
73,190,3,0.7162920832633972,85,359,394,500,239.5,429.5
73,14,0,0.4043850004673004,325,418,365,510,345.0,464.0
73,195,3,0.40579017996788025,0,343,74,436,37.0,389.5
73,196,3,0.6632066965103149,410,332,555,393,482.5,362.5
73,198,3,0.40965256094932556,1102,327,1280,423,1191.0,375.0
73,31,5,0.26196423172950745,841,478,1274,718,1057.5,598.0
74,9,3,0.6535670757293701,486,349,698,430,592.0,389.5
74,59,3,0.8268855214118958,700,336,830,386,765.0,361.0
74,8,0,0.25372374057769775,976,477,1024,588,1000.0,532.5
74,167,3,0.6654226183891296,246,342,371,397,308.5,369.5
74,185,0,0.26930609345436096,835,416,862,513,848.5,464.5
74,190,3,0.670438289642334,95,359,394,496,244.5,427.5
74,14,0,0.5811092257499695,322,417,364,513,343.0,465.0
74,195,3,0.5343453288078308,0,344,72,434,36.0,389.0
74,196,3,0.6852675676345825,403,332,540,389,471.5,360.5
74,198,3,0.48074400424957275,1122,326,1280,411,1201.0,368.5
74,200,1,0.4921816885471344,1,424,55,520,28.0,472.0
74,31,5,0.2607407867908478,842,472,1280,717,1061.0,594.5
74,139,4,0.39081454277038574,197,320,354,379,275.5,349.5
75,9,3,0.5847346186637878,494,349,709,431,601.5,390.0
75,59,3,0.8131976127624512,707,334,841,386,774.0,360.0
75,167,3,0.5178719162940979,239,342,372,399,305.5,370.5
75,185,0,0.2919829487800598,834,416,862,515,848.0,465.5
75,190,3,0.6563496589660645,107,361,399,496,253.0,428.5
75,14,0,0.6287100315093994,321,417,364,515,342.5,466.0
75,195,3,0.520968496799469,3,344,73,431,38.0,387.5
75,196,3,0.6718722581863403,399,332,530,386,464.5,359.0
75,198,3,0.6783567070960999,1136,325,1280,404,1208.0,364.5
75,200,0,0.39725634455680847,3,423,56,518,29.5,470.5
75,31,5,0.39153164625167847,826,453,1280,717,1053.0,585.0
75,139,4,0.5028269290924072,201,320,359,379,280.0,349.5
76,9,3,0.5181599855422974,529,351,736,430,632.5,390.5
76,59,3,0.8138626217842102,719,334,854,385,786.5,359.5
76,167,3,0.48461565375328064,244,342,376,398,310.0,370.0
76,190,3,0.6357479691505432,107,363,406,503,256.5,433.0
76,14,0,0.47714895009994507,322,417,364,514,343.0,465.5
76,195,3,0.4507021903991699,1,344,73,433,37.0,388.5
76,196,3,0.6533783078193665,396,331,525,385,460.5,358.0
76,198,3,0.32634565234184265,1149,327,1280,406,1214.5,366.5
76,200,0,0.30097827315330505,2,421,64,531,33.0,476.0
76,31,5,0.5716156363487244,802,423,1280,718,1041.0,570.5
76,139,4,0.38829970359802246,207,320,356,375,281.5,347.5
77,9,3,0.4377756118774414,563,348,772,429,667.5,388.5
77,59,3,0.8029382228851318,728,334,863,385,795.5,359.5
77,167,3,0.31318342685699463,239,342,377,398,308.0,370.0
77,190,3,0.6190449595451355,112,365,406,506,259.0,435.5
77,14,0,0.43436896800994873,321,418,364,516,342.5,467.0
77,195,3,0.45410898327827454,1,343,73,433,37.0,388.0
77,196,3,0.6154537796974182,395,331,538,390,466.5,360.5
77,198,3,0.356549471616745,1157,327,1280,407,1218.5,367.0
77,31,5,0.6572926044464111,792,406,1280,718,1036.0,562.0
78,9,3,0.6498592495918274,592,348,803,430,697.5,389.0
78,59,3,0.7858781814575195,737,334,875,386,806.0,360.0
78,190,3,0.3727339208126068,121,365,412,505,266.5,435.0
78,14,0,0.3974813222885132,321,415,365,515,343.0,465.0
78,195,3,0.4088188409805298,7,343,65,413,36.0,378.0
78,196,3,0.6723829507827759,392,332,525,385,458.5,358.5
78,31,5,0.7013829946517944,784,389,1280,718,1032.0,553.5
78,217,3,0.46303945779800415,520,335,673,404,596.5,369.5
78,200,0,0.3771563768386841,0,419,63,534,31.5,476.5
78,139,4,0.43171361088752747,210,319,365,378,287.5,348.5
79,9,3,0.650964081287384,609,347,826,432,717.5,389.5
79,59,3,0.8137070536613464,749,334,887,385,818.0,359.5
79,190,3,0.3507215678691864,136,364,424,506,280.0,435.0
79,14,0,0.41174939274787903,321,414,366,514,343.5,464.0
79,195,3,0.387841135263443,9,344,57,401,33.0,372.5
79,196,3,0.6377429366111755,392,332,523,384,457.5,358.0
79,31,5,0.7706131339073181,783,379,1280,718,1031.5,548.5
79,217,3,0.3274471163749695,527,335,681,405,604.0,370.0
79,219,3,0.4145525395870209,1216,341,1280,422,1248.0,381.5
79,139,4,0.4244341254234314,203,320,361,379,282.0,349.5
80,9,3,0.6333272457122803,631,347,848,432,739.5,389.5
80,59,3,0.7502533793449402,763,333,903,385,833.0,359.0
80,190,3,0.34481263160705566,146,368,421,505,283.5,436.5
80,14,0,0.4519670605659485,323,413,368,514,345.5,463.5
80,195,3,0.46820715069770813,8,344,54,396,31.0,370.0
80,196,3,0.5089631080627441,412,332,540,383,476.0,357.5
80,31,5,0.7748023271560669,792,385,1280,717,1036.0,551.0
80,217,3,0.5044656991958618,538,334,685,401,611.5,367.5
80,139,4,0.42149123549461365,212,318,367,377,289.5,347.5
80,221,0,0.5515671372413635,6,392,34,510,20.0,451.0
80,200,0,0.3022575080394745,2,418,66,533,34.0,475.5
81,9,3,0.6262952089309692,649,348,866,432,757.5,390.0
81,59,3,0.7227737903594971,771,333,914,386,842.5,359.5
81,14,0,0.516994833946228,324,412,369,514,346.5,463.0
81,196,3,0.7164992094039917,423,331,549,381,486.0,356.0
81,31,5,0.7937415242195129,797,387,1280,717,1038.5,552.0
81,217,3,0.657285213470459,547,333,694,400,620.5,366.5
81,139,4,0.3294905126094818,214,319,375,379,294.5,349.0
81,221,0,0.3522132933139801,7,391,35,508,21.0,449.5
81,224,3,0.531701922416687,9,340,222,439,115.5,389.5
81,200,0,0.3788699507713318,0,418,62,530,31.0,474.0
82,9,3,0.697719931602478,679,347,901,432,790.0,389.5
82,59,3,0.6783163547515869,783,335,930,390,856.5,362.5
82,14,0,0.5028418898582458,329,410,379,523,354.0,466.5
82,196,3,0.7117097973823547,434,331,560,381,497.0,356.0
82,31,5,0.6508816480636597,798,384,1280,717,1039.0,550.5
82,217,3,0.32877328991889954,560,334,710,403,635.0,368.5
82,139,4,0.4389544725418091,214,318,379,381,296.5,349.5
82,224,3,0.6087487936019897,43,340,204,414,123.5,377.0
82,226,3,0.6319717168807983,9,344,72,415,40.5,379.5
83,9,3,0.7056341171264648,700,348,920,431,810.0,389.5
83,59,3,0.6513938307762146,800,336,940,389,870.0,362.5
83,14,0,0.4218662679195404,333,409,381,519,357.0,464.0
83,196,3,0.7332640290260315,444,331,570,381,507.0,356.0
83,31,5,0.6821576952934265,798,379,1280,717,1039.0,548.0
83,139,4,0.4484163522720337,215,318,377,379,296.0,348.5
83,224,3,0.6003446578979492,45,340,209,415,127.0,377.5
83,226,3,0.6386618614196777,13,344,76,414,44.5,379.0
83,230,0,0.7722615599632263,1,474,59,619,30.0,546.5
83,231,0,0.4189724624156952,38,412,80,518,59.0,465.0
83,232,3,0.33691906929016113,229,342,457,429,343.0,385.5
83,200,0,0.3479050397872925,11,417,67,519,39.0,468.0
84,9,3,0.6446608304977417,726,346,957,432,841.5,389.0
84,59,3,0.5256463289260864,791,335,944,392,867.5,363.5
84,196,3,0.8001586198806763,448,330,578,382,513.0,356.0
84,31,5,0.7491852641105652,799,377,1280,717,1039.5,547.0
84,139,4,0.6527138948440552,224,316,386,378,305.0,347.0
84,224,3,0.6699166893959045,39,340,205,415,122.0,377.5
84,226,3,0.508065938949585,16,344,79,413,47.5,378.5
84,231,0,0.26003754138946533,40,408,81,516,60.5,462.0
84,200,0,0.40139031410217285,12,414,68,517,40.0,465.5
84,190,3,0.5580494403839111,205,354,490,500,347.5,427.0
84,217,3,0.5262823700904846,612,334,761,403,686.5,368.5
85,9,3,0.6367535591125488,739,344,971,430,855.0,387.0
85,59,3,0.491841584444046,811,336,957,389,884.0,362.5
85,196,3,0.783266007900238,449,330,582,382,515.5,356.0
85,31,5,0.7115556597709656,805,382,1280,717,1042.5,549.5
85,139,4,0.6921341419219971,232,316,387,376,309.5,346.0
85,224,3,0.6905682682991028,42,341,205,413,123.5,377.0
85,226,3,0.4974944293498993,16,344,76,408,46.0,376.0
85,231,0,0.4257014989852905,43,408,82,509,62.5,458.5
85,200,0,0.3857022821903229,14,415,67,515,40.5,465.0
85,190,3,0.5974372625350952,218,351,495,496,356.5,423.5
85,217,3,0.6951042413711548,627,335,774,403,700.5,369.0
85,14,0,0.38186949491500854,342,413,385,510,363.5,461.5
86,9,3,0.5610626339912415,773,342,1019,432,896.0,387.0
86,196,3,0.7256177067756653,458,330,592,382,525.0,356.0
86,31,5,0.6392923593521118,810,385,1280,719,1045.0,552.0
86,139,4,0.40339410305023193,237,315,384,372,310.5,343.5
86,224,3,0.6411123871803284,87,342,229,405,158.0,373.5
86,226,3,0.6610301733016968,17,344,64,393,40.5,368.5
86,231,0,0.42496582865715027,43,407,83,509,63.0,458.0
86,200,0,0.38536199927330017,18,420,67,517,42.5,468.5
86,217,3,0.5930282473564148,638,333,792,404,715.0,368.5
86,8,0,0.3261714577674866,972,471,1025,593,998.5,532.0
86,230,0,0.6869072318077087,10,487,71,638,40.5,562.5
86,232,3,0.6364590525627136,230,345,507,451,368.5,398.0
87,9,3,0.6082913875579834,801,342,1050,432,925.5,387.0
87,196,3,0.6469931602478027,463,330,600,383,531.5,356.5
87,31,5,0.6862905621528625,820,398,1280,718,1050.0,558.0
87,139,4,0.5192022919654846,239,316,386,373,312.5,344.5
87,224,3,0.6618964076042175,95,342,234,403,164.5,372.5
87,226,3,0.6198832392692566,18,345,60,387,39.0,366.0
87,231,0,0.30111151933670044,42,411,83,516,62.5,463.5
87,217,3,0.7230697274208069,643,334,798,405,720.5,369.5
87,8,0,0.30256974697113037,972,472,1024,594,998.0,533.0
87,230,0,0.5509061217308044,9,487,73,643,41.0,565.0
88,9,3,0.5988007187843323,842,345,1095,435,968.5,390.0
88,196,3,0.40044865012168884,465,330,606,385,535.5,357.5
88,31,5,0.5506020784378052,822,394,1280,719,1051.0,556.5
88,139,4,0.6365726590156555,244,316,392,374,318.0,345.0
88,224,3,0.689002275466919,91,343,231,403,161.0,373.0
88,226,3,0.576408326625824,16,343,62,386,39.0,364.5
88,231,0,0.4716818928718567,39,403,82,516,60.5,459.5
88,217,3,0.8231479525566101,663,332,823,405,743.0,368.5
88,8,0,0.31590351462364197,972,471,1024,596,998.0,533.5
88,230,0,0.2597807049751282,8,494,72,647,40.0,570.5
88,232,3,0.41981789469718933,248,346,522,453,385.0,399.5
89,9,3,0.7199915647506714,865,347,1111,433,988.0,390.0
89,196,3,0.512202262878418,464,329,608,385,536.0,357.0
89,31,5,0.6476370692253113,820,390,1280,719,1050.0,554.5
89,139,4,0.6610389947891235,249,316,393,374,321.0,345.0
89,224,3,0.6675702333450317,79,344,231,408,155.0,376.0
89,226,3,0.4564507007598877,15,342,64,387,39.5,364.5
89,217,3,0.7758040428161621,679,333,844,406,761.5,369.5
89,8,0,0.2610686719417572,972,471,1024,596,998.0,533.5
90,9,3,0.5460637807846069,890,348,1133,433,1011.5,390.5
90,196,3,0.4163934886455536,466,328,616,387,541.0,357.5
90,31,5,0.5999022722244263,814,382,1280,720,1047.0,551.0
90,139,4,0.26176995038986206,255,316,400,374,327.5,345.0
90,224,3,0.6487604379653931,97,344,239,401,168.0,372.5
90,226,3,0.6404092311859131,9,339,68,391,38.5,365.0
90,217,3,0.8243579268455505,701,332,870,406,785.5,369.0
90,242,0,0.4739149808883667,363,399,401,492,382.0,445.5
90,244,3,0.5439545512199402,328,341,479,415,403.5,378.0
90,59,3,0.3523031771183014,864,334,1015,391,939.5,362.5
90,230,0,0.5632039308547974,9,500,72,649,40.5,574.5
91,9,3,0.569340169429779,920,349,1161,434,1040.5,391.5
91,196,3,0.42505335807800293,466,327,617,387,541.5,357.0
91,31,5,0.6585536003112793,817,390,1280,720,1048.5,555.0
91,139,4,0.2857975959777832,257,316,403,374,330.0,345.0
91,224,3,0.6487702131271362,114,344,254,400,184.0,372.0
91,226,3,0.6218056082725525,6,338,70,394,38.0,366.0
91,217,3,0.8043740391731262,716,333,886,406,801.0,369.5
91,242,0,0.2891826629638672,366,401,401,488,383.5,444.5
91,244,3,0.49761343002319336,338,341,480,410,409.0,375.5
91,59,3,0.46776220202445984,877,334,1026,391,951.5,362.5
91,230,0,0.36102479696273804,7,497,73,649,40.0,573.0
92,9,3,0.5701990127563477,979,348,1226,433,1102.5,390.5
92,31,5,0.6869250535964966,827,408,1273,720,1050.0,564.0
92,139,4,0.5522291660308838,264,316,407,373,335.5,344.5
92,224,3,0.6019068956375122,127,344,269,401,198.0,372.5
92,226,3,0.6469898819923401,4,337,74,398,39.0,367.5
92,217,3,0.8622172474861145,732,333,906,406,819.0,369.5
92,244,3,0.5048762559890747,343,340,485,410,414.0,375.0
92,59,3,0.633522093296051,896,331,1043,388,969.5,359.5
93,9,3,0.5995705127716064,1002,348,1254,432,1128.0,390.0
93,31,5,0.7278158664703369,832,416,1267,720,1049.5,568.0
93,139,4,0.30220702290534973,264,315,411,375,337.5,345.0
93,224,3,0.6490908861160278,128,344,278,404,203.0,374.0
93,226,3,0.57328861951828,1,336,78,403,39.5,369.5
93,217,3,0.8114663362503052,745,334,922,406,833.5,370.0
93,244,3,0.49540483951568604,347,340,488,409,417.5,374.5
93,59,3,0.4901517629623413,923,331,1072,387,997.5,359.0
93,245,0,0.43329569697380066,50,441,114,535,82.0,488.0
93,246,0,0.37135836482048035,370,388,410,518,390.0,453.0
94,9,3,0.5000228881835938,1019,348,1280,436,1149.5,392.0
94,31,5,0.7263444066047668,836,423,1264,720,1050.0,571.5
94,224,3,0.5113746523857117,128,344,287,407,207.5,375.5
94,226,3,0.6158308982849121,0,336,81,408,40.5,372.0
94,217,3,0.8039833307266235,761,333,942,407,851.5,370.0
94,244,3,0.45614904165267944,359,340,483,402,421.0,371.0
94,59,3,0.6179004311561584,942,330,1095,387,1018.5,358.5
94,245,0,0.34952330589294434,50,441,113,534,81.5,487.5
94,246,0,0.35270610451698303,377,390,410,496,393.5,443.0
94,230,0,0.31084656715393066,5,484,77,649,41.0,566.5
95,9,3,0.30320969223976135,1043,348,1280,433,1161.5,390.5
95,31,5,0.6940642595291138,833,418,1269,720,1051.0,569.0
95,224,3,0.5013923645019531,128,344,292,409,210.0,376.5
95,226,3,0.569923460483551,0,337,82,409,41.0,373.0
95,217,3,0.6862000226974487,774,333,961,408,867.5,370.5
95,244,3,0.7047073245048523,368,340,477,393,422.5,366.5
95,59,3,0.7240213751792908,958,330,1109,386,1033.5,358.0
95,245,0,0.3770032823085785,50,444,111,535,80.5,489.5
95,246,0,0.3707801103591919,380,391,410,487,395.0,439.0
95,248,3,0.4011435806751251,406,341,675,452,540.5,396.5
95,230,0,0.2568390965461731,4,483,77,648,40.5,565.5
95,139,3,0.2912910282611847,268,315,414,375,341.0,345.0
96,9,3,0.43388763070106506,1060,347,1280,436,1170.0,391.5
96,31,5,0.859978437423706,809,381,1280,720,1044.5,550.5
96,224,3,0.590418815612793,134,344,298,408,216.0,376.0
96,226,3,0.431018590927124,0,338,85,413,42.5,375.5
96,217,3,0.7841827273368835,792,333,981,408,886.5,370.5
96,244,3,0.6392644643783569,377,339,480,390,428.5,364.5
96,59,3,0.6601203680038452,966,329,1121,387,1043.5,358.0
96,230,0,0.4726763367652893,4,486,77,649,40.5,567.5
96,139,3,0.35655832290649414,276,316,424,376,350.0,346.0
96,196,3,0.430310994386673,514,330,669,391,591.5,360.5
97,31,5,0.8882454037666321,806,373,1280,720,1043.0,546.5
97,224,3,0.5878396034240723,138,344,305,409,221.5,376.5
97,226,3,0.35281866788864136,2,340,86,413,44.0,376.5
97,217,3,0.7573517560958862,805,333,999,409,902.0,371.0
97,244,3,0.6619770526885986,385,339,490,391,437.5,365.0
97,59,3,0.7266558408737183,980,328,1143,389,1061.5,358.5
97,230,0,0.3910665810108185,4,487,77,649,40.5,568.0
97,139,3,0.3580697774887085,282,316,427,375,354.5,345.5
97,253,5,0.4155641496181488,385,409,846,672,615.5,540.5
97,196,3,0.3664773404598236,527,329,682,391,604.5,360.0
97,248,3,0.26900845766067505,409,332,676,443,542.5,387.5
98,31,5,0.823333203792572,813,383,1280,720,1046.5,551.5
98,224,3,0.653744101524353,149,344,307,404,228.0,374.0
98,226,3,0.5087044835090637,0,350,87,431,43.5,390.5
98,217,3,0.7356523871421814,828,334,1023,409,925.5,371.5
98,244,3,0.35959142446517944,384,338,508,401,446.0,369.5
98,59,3,0.680560827255249,996,328,1163,389,1079.5,358.5
98,139,4,0.3695085644721985,283,316,429,375,356.0,345.5
98,253,5,0.443286657333374,393,410,853,673,623.0,541.5
98,196,3,0.3748384118080139,540,328,695,392,617.5,360.0
99,31,5,0.8150560259819031,816,387,1280,720,1048.0,553.5
99,224,3,0.7105706930160522,168,344,316,400,242.0,372.0
99,226,3,0.5507607460021973,0,354,83,428,41.5,391.0
99,217,3,0.6904090642929077,841,333,1039,408,940.0,370.5
99,244,3,0.5135264992713928,394,338,507,394,450.5,366.0
99,59,3,0.7003216743469238,1007,328,1183,392,1095.0,360.0
99,139,4,0.37595847249031067,283,315,431,375,357.0,345.0
99,253,5,0.32659509778022766,398,415,848,673,623.0,544.0
100,31,5,0.8092039823532104,819,393,1278,720,1048.5,556.5
100,224,3,0.748386025428772,178,343,324,398,251.0,370.5
100,226,3,0.5313181281089783,4,360,86,431,45.0,395.5
100,217,3,0.6250168681144714,861,333,1065,409,963.0,371.0
100,244,3,0.6552953124046326,403,339,509,392,456.0,365.5
100,59,3,0.7004767656326294,1024,327,1205,392,1114.5,359.5
100,139,4,0.6549182534217834,290,315,436,374,363.0,344.5
100,248,3,0.511422336101532,481,358,706,450,593.5,404.0
101,31,5,0.6649425625801086,821,399,1272,720,1046.5,559.5
101,224,3,0.7218939065933228,184,343,331,398,257.5,370.5
101,226,3,0.5214970707893372,1,362,93,441,47.0,401.5
101,217,3,0.59695965051651,875,332,1083,409,979.0,370.5
101,244,3,0.6962109208106995,411,339,516,391,463.5,365.0
101,59,3,0.6374029517173767,1032,327,1221,395,1126.5,361.0
101,139,4,0.35774365067481995,295,314,438,373,366.5,343.5
101,266,0,0.35128867626190186,403,381,439,466,421.0,423.5
101,196,3,0.4568191170692444,602,328,719,376,660.5,352.0
102,31,5,0.5646311640739441,824,403,1270,720,1047.0,561.5
102,224,3,0.8092100620269775,190,343,338,397,264.0,370.0
102,226,3,0.48480162024497986,11,366,107,445,59.0,405.5
102,217,3,0.568559467792511,927,329,1159,410,1043.0,369.5
102,244,3,0.6286017894744873,417,339,533,397,475.0,368.0
102,59,3,0.4781091809272766,1056,329,1242,394,1149.0,361.5
102,139,4,0.6275516152381897,301,314,442,372,371.5,343.0
102,266,0,0.3429678976535797,404,382,440,466,422.0,424.0
102,272,3,0.48861417174339294,6,342,136,403,71.0,372.5
102,196,3,0.39126917719841003,605,329,721,376,663.0,352.5
103,31,5,0.7257478833198547,823,399,1274,720,1048.5,559.5
103,224,3,0.7804872393608093,193,342,345,398,269.0,370.0
103,226,3,0.4470337927341461,16,367,122,452,69.0,409.5
103,217,3,0.5533961653709412,953,329,1198,410,1075.5,369.5
103,244,3,0.6897678375244141,427,339,537,393,482.0,366.0
103,59,3,0.5704944729804993,1071,327,1256,391,1163.5,359.0
103,139,4,0.37919068336486816,303,314,444,371,373.5,342.5
103,266,0,0.31919845938682556,406,386,440,467,423.0,426.5
103,272,3,0.5725383758544922,11,344,138,404,74.5,374.0
103,196,3,0.46142342686653137,625,329,727,370,676.0,349.5
103,242,0,0.3382952809333801,380,392,416,481,398.0,436.5
103,253,5,0.27358463406562805,419,416,863,672,641.0,544.0
103,248,3,0.3396702706813812,504,365,704,448,604.0,406.5
104,31,5,0.8592371940612793,823,396,1277,720,1050.0,558.0
104,224,3,0.7969778776168823,196,342,353,399,274.5,370.5
104,226,3,0.4726864695549011,18,367,136,458,77.0,412.5
104,217,3,0.5242462754249573,943,329,1193,410,1068.0,369.5
104,244,3,0.6940904855728149,435,339,548,394,491.5,366.5
104,59,3,0.6206079125404358,1090,330,1276,395,1183.0,362.5
104,139,4,0.7106308937072754,309,314,450,372,379.5,343.0
104,266,0,0.36392542719841003,407,387,441,468,424.0,427.5
104,272,3,0.46028733253479004,12,346,146,408,79.0,377.0
104,196,3,0.47388359904289246,633,329,733,369,683.0,349.0
104,242,0,0.3877740800380707,380,392,416,481,398.0,436.5
104,248,3,0.46979549527168274,522,367,719,450,620.5,408.5
105,31,5,0.8519363403320312,819,388,1280,720,1049.5,554.0
105,224,3,0.7647350430488586,200,342,359,399,279.5,370.5
105,226,3,0.5260578989982605,20,368,146,461,83.0,414.5
105,217,3,0.5496351718902588,946,329,1194,410,1070.0,369.5
105,244,3,0.7723203301429749,443,339,551,390,497.0,364.5
105,59,3,0.3757268190383911,1104,329,1280,392,1192.0,360.5
105,139,4,0.6458234786987305,314,314,453,371,383.5,342.5
105,266,0,0.36138081550598145,408,387,442,467,425.0,427.0
105,272,3,0.42697983980178833,13,345,155,410,84.0,377.5
105,196,3,0.46148812770843506,633,329,745,373,689.0,351.0
105,242,0,0.37502920627593994,380,392,417,482,398.5,437.0
105,248,3,0.5068057179450989,541,367,738,452,639.5,409.5
105,279,3,0.3880360722541809,103,336,189,376,146.0,356.0
106,31,5,0.8397061228752136,823,394,1278,720,1050.5,557.0
106,224,3,0.7453401684761047,211,344,366,399,288.5,371.5
106,226,3,0.3439106345176697,18,364,157,465,87.5,414.5
106,217,3,0.4092380702495575,961,328,1217,411,1089.0,369.5
106,244,3,0.7776888608932495,453,339,560,389,506.5,364.0
106,59,3,0.409175843000412,1097,329,1280,409,1188.5,369.0
106,139,4,0.5738813281059265,313,314,457,372,385.0,343.0
106,266,0,0.29257357120513916,408,387,442,468,425.0,427.5
106,272,3,0.528148889541626,25,345,160,407,92.5,376.0
106,242,0,0.32204189896583557,380,392,417,483,398.5,437.5
106,279,3,0.3412608504295349,95,337,190,381,142.5,359.0
107,31,5,0.5845558643341064,847,433,1253,718,1050.0,575.5
107,224,3,0.7634857892990112,215,345,371,399,293.0,372.0
107,226,3,0.30164894461631775,20,363,165,465,92.5,414.0
107,217,3,0.35801517963409424,979,328,1239,412,1109.0,370.0
107,244,3,0.8039057850837708,461,339,568,388,514.5,363.5
107,59,3,0.5285294055938721,1122,329,1280,401,1201.0,365.0
107,139,4,0.47300535440444946,317,315,462,373,389.5,344.0
107,266,0,0.3141627311706543,408,387,442,467,425.0,427.0
107,272,3,0.501370906829834,30,346,167,407,98.5,376.5
107,242,0,0.32916074991226196,380,393,416,479,398.0,436.0
107,279,3,0.3766719698905945,97,338,195,383,146.0,360.5
107,196,3,0.32963404059410095,646,329,743,366,694.5,347.5
108,31,5,0.5486878752708435,860,462,1237,718,1048.5,590.0
108,224,3,0.8117774724960327,221,344,378,398,299.5,371.0
108,226,3,0.4358200132846832,23,365,179,471,101.0,418.0
108,217,3,0.40386325120925903,997,329,1271,416,1134.0,372.5
108,244,3,0.8125200271606445,467,339,577,389,522.0,364.0
108,139,4,0.7441257834434509,322,314,469,374,395.5,344.0
108,272,3,0.38715651631355286,48,342,190,406,119.0,374.0
108,242,0,0.29575997591018677,379,395,416,482,397.5,438.5
108,279,3,0.33883047103881836,96,338,207,390,151.5,364.0
109,31,5,0.5279679298400879,866,477,1229,718,1047.5,597.5
109,224,3,0.8284129500389099,226,344,384,398,305.0,371.0
109,226,3,0.6655222177505493,27,369,187,474,107.0,421.5
109,217,3,0.4088776707649231,1012,328,1280,414,1146.0,371.0
109,244,3,0.7911926507949829,472,339,584,388,528.0,363.5
109,139,4,0.7812021970748901,326,314,474,374,400.0,344.0
109,242,0,0.26718366146087646,379,395,416,483,397.5,439.0
109,279,3,0.5425148606300354,91,339,219,399,155.0,369.0
109,290,3,0.42431649565696716,647,328,778,380,712.5,354.0
109,291,8,0.320771723985672,999,330,1280,415,1139.5,372.5
109,219,3,0.47270745038986206,1207,330,1272,402,1239.5,366.0
110,31,5,0.4240172505378723,863,480,1231,719,1047.0,599.5
110,224,3,0.7969235181808472,233,344,392,398,312.5,371.0
110,226,3,0.627871036529541,71,372,225,474,148.0,423.0
110,244,3,0.8494975566864014,473,338,590,389,531.5,363.5
110,139,4,0.7968566417694092,329,314,478,374,403.5,344.0
110,279,3,0.4468992054462433,89,339,232,407,160.5,373.0
110,290,3,0.33381298184394836,665,330,792,380,728.5,355.0
110,291,8,0.6773796081542969,1002,331,1280,420,1141.0,375.5
111,31,5,0.48153823614120483,841,449,1257,718,1049.0,583.5
111,224,3,0.7885151505470276,238,344,399,398,318.5,371.0
111,226,3,0.6347166895866394,88,371,243,475,165.5,423.0
111,244,3,0.7989738583564758,476,338,595,388,535.5,363.0
111,139,4,0.7383841276168823,330,314,481,374,405.5,344.0
111,279,3,0.5337693691253662,93,339,239,409,166.0,374.0
111,290,3,0.3278653919696808,674,327,811,382,742.5,354.5
112,31,5,0.5013241767883301,859,476,1241,718,1050.0,597.0
112,224,3,0.7782387733459473,244,344,408,398,326.0,371.0
112,226,3,0.7319480776786804,99,376,255,479,177.0,427.5
112,244,3,0.8150972723960876,486,338,604,388,545.0,363.0
112,139,4,0.5876538157463074,339,313,492,374,415.5,343.5
112,279,3,0.4154404401779175,102,341,247,410,174.5,375.5
112,290,3,0.40181249380111694,686,328,827,384,756.5,356.0
112,242,0,0.2695675790309906,377,395,416,488,396.5,441.5
113,31,5,0.5127654075622559,853,472,1247,718,1050.0,595.0
113,224,3,0.8023365139961243,247,344,415,399,331.0,371.5
113,226,3,0.7725268006324768,106,373,262,477,184.0,425.0
113,244,3,0.7864922285079956,494,338,610,388,552.0,363.0
113,139,4,0.7331218719482422,343,313,500,376,421.5,344.5
113,279,3,0.4424416124820709,104,342,256,414,180.0,378.0
113,290,3,0.46930232644081116,690,325,839,384,764.5,354.5
113,299,3,0.3564167618751526,698,370,935,456,816.5,413.0
114,31,5,0.5550322532653809,807,415,1280,719,1043.5,567.0
114,224,3,0.7630998492240906,250,344,427,402,338.5,373.0
114,226,3,0.7548596858978271,114,380,269,480,191.5,430.0
114,244,3,0.8262747526168823,505,338,616,387,560.5,362.5
114,139,4,0.753538191318512,344,312,501,375,422.5,343.5
114,279,3,0.42143890261650085,111,343,261,414,186.0,378.5
114,290,3,0.5511445999145508,703,324,850,382,776.5,353.0
114,242,0,0.34772053360939026,375,399,412,487,393.5,443.0
115,31,5,0.6725928783416748,805,407,1280,719,1042.5,563.0
115,224,3,0.6979974508285522,254,345,441,406,347.5,375.5
115,226,3,0.7859505414962769,117,380,277,481,197.0,430.5
115,244,3,0.7809861302375793,522,338,636,388,579.0,363.0
115,139,4,0.6651470065116882,343,312,503,376,423.0,344.0
115,290,3,0.5824450850486755,713,325,856,381,784.5,353.0
115,272,3,0.533879280090332,115,340,267,407,191.0,373.5
116,31,5,0.5288397073745728,816,423,1280,719,1048.0,571.0
116,224,3,0.5904980897903442,248,344,441,408,344.5,376.0
116,226,3,0.3589993119239807,117,372,294,483,205.5,427.5
116,244,3,0.7683090567588806,536,339,656,390,596.0,364.5
116,139,4,0.6905549764633179,347,313,508,377,427.5,345.0
116,290,3,0.5007603168487549,731,326,871,381,801.0,353.5
116,305,8,0.6007465720176697,339,315,511,379,425.0,347.0
116,242,0,0.422165185213089,369,398,410,499,389.5,448.5
117,31,5,0.6785468459129333,818,426,1277,719,1047.5,572.5
117,224,3,0.5907859206199646,253,345,436,406,344.5,375.5
117,226,3,0.49519720673561096,122,368,303,479,212.5,423.5
117,244,3,0.7702570557594299,544,338,668,391,606.0,364.5
117,139,4,0.5756478905677795,352,313,511,377,431.5,345.0
117,290,3,0.643173098564148,745,326,889,382,817.0,354.0
117,305,8,0.5229371786117554,337,315,509,379,423.0,347.0
117,242,0,0.37235116958618164,367,397,409,499,388.0,448.0
117,272,3,0.36479702591896057,146,347,290,408,218.0,377.5
118,31,5,0.6744204759597778,843,462,1254,719,1048.5,590.5
118,224,3,0.5475368499755859,268,345,457,408,362.5,376.5
118,226,3,0.5326594710350037,121,365,316,482,218.5,423.5
118,244,3,0.8349520564079285,556,338,680,391,618.0,364.5
118,139,4,0.7537477016448975,355,312,511,374,433.0,343.0
118,290,3,0.7244008183479309,757,325,905,383,831.0,354.0
118,305,8,0.5963110327720642,343,313,517,377,430.0,345.0
118,242,0,0.3347797393798828,366,398,407,498,386.5,448.0
118,279,3,0.38037005066871643,141,352,303,426,222.0,389.0
119,31,5,0.6457365155220032,849,472,1249,719,1049.0,595.5
119,224,3,0.6050553917884827,271,344,469,412,370.0,378.0
119,226,3,0.3728121221065521,98,360,331,498,214.5,429.0
119,244,3,0.8140868544578552,564,338,691,392,627.5,365.0
119,139,4,0.8091768622398376,360,312,513,373,436.5,342.5
119,290,3,0.6735900044441223,768,327,913,383,840.5,355.0
119,305,8,0.25590312480926514,351,314,519,377,435.0,345.5
120,31,5,0.49325916171073914,838,456,1265,719,1051.5,587.5
120,224,3,0.5978089570999146,295,345,489,413,392.0,379.0
120,226,3,0.5582362413406372,108,360,353,501,230.5,430.5
120,244,3,0.7875398993492126,577,338,703,392,640.0,365.0
120,139,4,0.673409640789032,362,312,517,373,439.5,342.5
120,290,3,0.7177271246910095,782,326,933,384,857.5,355.0
120,319,0,0.37838953733444214,376,389,420,497,398.0,443.0
120,320,8,0.41078293323516846,13,351,377,521,195.0,436.0
120,321,0,0.33648794889450073,813,486,862,631,837.5,558.5
120,242,0,0.28715816140174866,363,400,402,496,382.5,448.0
121,31,5,0.44350922107696533,845,469,1257,719,1051.0,594.0
121,224,3,0.5403357744216919,307,346,494,411,400.5,378.5
121,226,3,0.5611473917961121,117,357,360,494,238.5,425.5
121,244,3,0.7721258401870728,584,337,713,392,648.5,364.5
121,139,4,0.7663071751594543,366,312,521,374,443.5,343.0
121,290,3,0.7691383361816406,790,324,946,383,868.0,353.5
121,321,0,0.32300397753715515,813,485,862,630,837.5,557.5
121,242,0,0.26209011673927307,361,403,398,492,379.5,447.5
121,272,3,0.2944352328777313,205,351,353,413,279.0,382.0
122,31,5,0.5008043050765991,854,485,1244,718,1049.0,601.5
122,224,3,0.4906555116176605,334,345,504,404,419.0,374.5
122,226,3,0.6063680052757263,116,354,372,496,244.0,425.0
122,244,3,0.727125346660614,603,338,727,391,665.0,364.5
122,139,4,0.6372668743133545,369,312,526,374,447.5,343.0
122,290,3,0.7449547052383423,804,324,962,384,883.0,354.0
122,321,0,0.30034339427948,813,485,862,628,837.5,556.5
122,272,3,0.4423431158065796,231,351,392,418,311.5,384.5
123,31,5,0.5150501728057861,851,484,1248,718,1049.5,601.0
123,224,3,0.49695974588394165,327,345,505,408,416.0,376.5
123,226,3,0.7131310701370239,115,355,378,499,246.5,427.0
123,244,3,0.7344614863395691,614,339,737,391,675.5,365.0
123,139,4,0.6937636137008667,373,313,531,375,452.0,344.0
123,290,3,0.7578777074813843,816,325,974,384,895.0,354.5
123,321,0,0.3134704530239105,813,484,861,625,837.0,554.5
123,272,3,0.47628989815711975,255,351,420,422,337.5,386.5
123,327,8,0.5650545358657837,374,312,535,377,454.5,344.5
124,31,5,0.4157606363296509,851,487,1248,719,1049.5,603.0
124,224,3,0.3155055642127991,338,344,513,406,425.5,375.0
124,226,3,0.7669805288314819,128,354,401,501,264.5,427.5
124,244,3,0.780890703201294,626,337,753,391,689.5,364.0
124,139,4,0.8049337267875671,382,312,540,375,461.0,343.5
124,290,3,0.7708882093429565,831,324,996,385,913.5,354.5
124,321,0,0.319636732339859,813,483,861,625,837.0,554.0
124,272,3,0.3005795478820801,271,348,438,421,354.5,384.5
125,31,5,0.6726955771446228,831,462,1270,719,1050.5,590.5
125,224,3,0.34776294231414795,356,343,530,405,443.0,374.0
125,226,4,0.4972973167896271,123,354,400,502,261.5,428.0
125,244,3,0.8042008876800537,635,338,762,392,698.5,365.0
125,139,4,0.7390652894973755,384,312,545,376,464.5,344.0
125,290,3,0.7671327590942383,842,324,1009,385,925.5,354.5
125,321,0,0.3382965326309204,813,483,860,621,836.5,552.0
125,329,5,0.36934661865234375,317,389,836,671,576.5,530.0
125,320,3,0.4402824342250824,108,352,419,497,263.5,424.5
126,31,5,0.3628348112106323,847,487,1251,719,1049.0,603.0
126,226,3,0.6166031360626221,141,357,411,501,276.0,429.0
126,244,3,0.8104773163795471,644,337,774,392,709.0,364.5
126,139,4,0.6370678544044495,360,313,553,390,456.5,351.5
126,290,3,0.7741093635559082,858,324,1028,385,943.0,354.5
126,321,0,0.2946147322654724,814,486,859,616,836.5,551.0
126,333,3,0.5163635015487671,100,338,240,389,170.0,363.5
127,226,4,0.5553170442581177,140,358,410,503,275.0,430.5
127,244,3,0.825769305229187,653,337,785,392,719.0,364.5
127,139,4,0.6598774790763855,371,313,563,391,467.0,352.0
127,290,3,0.7850269675254822,867,322,1043,386,955.0,354.0
127,321,0,0.31352588534355164,815,488,858,614,836.5,551.0
127,333,3,0.4803087115287781,101,338,233,387,167.0,362.5
127,335,0,0.36380907893180847,978,489,1020,585,999.0,537.0
127,320,3,0.3671529293060303,129,355,434,499,281.5,427.0
128,226,3,0.5001637935638428,179,358,393,467,286.0,412.5
128,244,3,0.8212966918945312,668,337,801,392,734.5,364.5
128,139,4,0.6633120775222778,395,312,558,378,476.5,345.0
128,290,3,0.6959584951400757,884,322,1062,386,973.0,354.0
128,321,0,0.33342456817626953,815,488,858,613,836.5,550.5
128,333,3,0.5723572969436646,103,339,239,389,171.0,364.0
128,335,0,0.2909804582595825,977,484,1022,588,999.5,536.0
128,272,3,0.6110110282897949,338,343,491,411,414.5,377.0
128,224,3,0.5823502540588379,394,342,559,400,476.5,371.0
129,226,4,0.3642905056476593,179,358,403,471,291.0,414.5
129,244,3,0.8265491724014282,677,336,813,392,745.0,364.0
129,139,4,0.6229678988456726,404,312,567,378,485.5,345.0
129,290,3,0.7437635064125061,897,322,1078,387,987.5,354.5
129,321,0,0.3024546504020691,815,491,857,610,836.0,550.5
129,333,3,0.6245822310447693,107,339,238,387,172.5,363.0
129,335,0,0.29990893602371216,977,483,1022,587,999.5,535.0
129,272,3,0.5054647922515869,349,342,506,412,427.5,377.0
129,224,3,0.3293578028678894,400,341,567,399,483.5,370.0
129,320,3,0.4405995011329651,143,356,435,496,289.0,426.0
130,244,3,0.8291614055633545,691,335,830,392,760.5,363.5
130,139,4,0.5039216876029968,395,313,586,391,490.5,352.0
130,290,3,0.763038158416748,915,322,1099,387,1007.0,354.5
130,321,0,0.3484288156032562,815,489,858,611,836.5,550.0
130,333,3,0.6385787129402161,104,339,234,387,169.0,363.0
130,335,0,0.26553159952163696,976,482,1022,589,999.0,535.5
130,272,3,0.5563284754753113,385,346,534,415,459.5,380.5
130,224,3,0.37216219305992126,397,327,594,398,495.5,362.5
130,343,3,0.4632642865180969,9,339,172,403,90.5,371.0
130,320,4,0.6406002640724182,148,356,435,496,291.5,426.0
130,329,5,0.2986700236797333,346,416,816,670,581.0,543.0
131,244,3,0.819175660610199,702,336,842,393,772.0,364.5
131,139,4,0.5850490927696228,398,312,594,394,496.0,353.0
131,290,3,0.7655531167984009,928,321,1116,388,1022.0,354.5
131,321,0,0.35135647654533386,815,488,858,612,836.5,550.0
131,333,3,0.6051703095436096,105,339,226,383,165.5,361.0
131,335,0,0.331571489572525,975,479,1023,591,999.0,535.0
131,272,3,0.5583986639976501,407,350,559,422,483.0,386.0
131,224,3,0.39809495210647583,401,322,604,397,502.5,359.5
131,343,3,0.36082959175109863,9,340,173,405,91.0,372.5
131,320,3,0.3910609185695648,160,357,441,496,300.5,426.5
131,347,3,0.3946339786052704,1187,372,1280,443,1233.5,407.5
131,226,4,0.41200605034828186,171,358,431,493,301.0,425.5
132,244,3,0.8480722308158875,720,336,860,393,790.0,364.5
132,139,4,0.4172268509864807,405,312,607,397,506.0,354.5
132,290,3,0.780992329120636,944,320,1136,388,1040.0,354.0
132,321,0,0.3385997414588928,813,486,858,613,835.5,549.5
132,333,3,0.6305860280990601,113,338,234,382,173.5,360.0
132,335,0,0.2892054319381714,974,479,1023,593,998.5,536.0
132,272,3,0.5743190050125122,427,344,575,413,501.0,378.5
132,343,3,0.41087421774864197,17,341,181,406,99.0,373.5
132,226,3,0.47689712047576904,191,358,433,487,312.0,422.5
133,244,3,0.8420885801315308,730,337,873,394,801.5,365.5
133,139,3,0.28689461946487427,412,310,611,394,511.5,352.0
133,290,3,0.761370062828064,959,321,1151,388,1055.0,354.5
133,321,0,0.33398544788360596,813,487,857,613,835.0,550.0
133,333,3,0.6351404190063477,103,339,232,384,167.5,361.5
133,335,0,0.29792433977127075,975,482,1022,594,998.5,538.0
133,272,3,0.6270616054534912,423,341,587,416,505.0,378.5
133,343,3,0.3715948462486267,27,342,192,408,109.5,375.0
133,226,4,0.5201869010925293,207,352,429,471,318.0,411.5
134,244,3,0.8457672595977783,746,336,892,395,819.0,365.5
134,139,4,0.29749077558517456,420,310,604,388,512.0,349.0
134,290,3,0.7948944568634033,980,322,1174,389,1077.0,355.5
134,321,0,0.3259124457836151,811,486,857,614,834.0,550.0
134,333,3,0.5726609826087952,100,339,237,385,168.5,362.0
134,335,0,0.26279157400131226,974,482,1022,595,998.0,538.5
134,272,3,0.4557085335254669,430,340,598,417,514.0,378.5
134,226,4,0.3935042917728424,208,349,439,475,323.5,412.0
134,31,5,0.4057053029537201,791,412,1280,720,1035.5,566.0
134,329,5,0.3554915487766266,306,376,850,672,578.0,524.0
134,320,3,0.32591578364372253,182,350,461,493,321.5,421.5
135,244,3,0.7758150696754456,758,337,905,395,831.5,366.0
135,290,3,0.7459458708763123,995,322,1191,390,1093.0,356.0
135,321,0,0.29653647541999817,811,488,855,612,833.0,550.0
135,333,3,0.5979073643684387,108,339,250,386,179.0,362.5
135,335,0,0.3128243088722229,976,488,1020,594,998.0,541.0
135,272,3,0.3737414479255676,428,336,611,420,519.5,378.0
135,226,4,0.43197202682495117,237,347,423,450,330.0,398.5
136,244,3,0.8153480887413025,774,336,923,395,848.5,365.5
136,290,3,0.6966975927352905,1014,323,1213,390,1113.5,356.5
136,321,0,0.31722399592399597,811,489,854,613,832.5,551.0
136,333,3,0.6404037475585938,113,338,254,384,183.5,361.0
136,335,0,0.30300161242485046,976,492,1019,595,997.5,543.5
136,272,3,0.5478744506835938,450,337,640,421,545.0,379.0
136,226,4,0.450325608253479,265,348,425,437,345.0,392.5
136,355,3,0.3518948256969452,0,342,83,435,41.5,388.5
136,139,8,0.27247104048728943,423,312,616,394,519.5,353.0
137,244,3,0.8219903707504272,786,336,939,396,862.5,366.0
137,290,3,0.7260014414787292,1029,322,1231,391,1130.0,356.5
137,321,0,0.2894361913204193,810,489,853,613,831.5,551.0
137,333,3,0.6279072761535645,115,338,257,384,186.0,361.0
137,335,0,0.30923840403556824,977,493,1019,596,998.0,544.5
137,226,4,0.36908429861068726,276,348,422,430,349.0,389.0
137,355,3,0.32000935077667236,0,342,81,436,40.5,389.0
138,244,3,0.8037192821502686,802,336,959,397,880.5,366.5
138,290,3,0.7567046880722046,1048,322,1254,391,1151.0,356.5
138,321,0,0.2941890358924866,811,488,853,612,832.0,550.0
138,333,3,0.6949125528335571,128,336,269,381,198.5,358.5
138,335,0,0.2927694320678711,976,493,1019,597,997.5,545.0
138,355,3,0.37118983268737793,0,340,69,430,34.5,385.0
138,358,0,0.3615795969963074,439,405,488,499,463.5,452.0
138,343,3,0.47703227400779724,97,343,223,393,160.0,368.0
139,244,3,0.4704556465148926,817,336,974,397,895.5,366.5
139,290,3,0.6812113523483276,1063,322,1271,391,1167.0,356.5
139,321,0,0.26587432622909546,811,491,851,611,831.0,551.0
139,333,3,0.6628193259239197,143,337,282,381,212.5,359.0
139,335,0,0.28370773792266846,978,497,1019,595,998.5,546.0
139,355,3,0.41429585218429565,0,339,67,427,33.5,383.0
139,343,3,0.5635442733764648,101,343,220,390,160.5,366.5
140,244,3,0.8320540189743042,836,337,996,398,916.0,367.5
140,290,3,0.5398840308189392,1075,321,1280,391,1177.5,356.0
140,321,0,0.2775731682777405,811,489,852,611,831.5,550.0
140,333,3,0.7438818216323853,152,336,289,380,220.5,358.0
140,355,3,0.3421938419342041,0,338,69,423,34.5,380.5
140,343,3,0.6646563410758972,117,343,241,391,179.0,367.0
140,272,3,0.6513806581497192,568,344,767,430,667.5,387.0
141,244,3,0.8076759576797485,848,337,1013,399,930.5,368.0
141,290,3,0.6138988733291626,1081,320,1280,392,1180.5,356.0
141,321,0,0.3048541247844696,811,489,853,612,832.0,550.5
141,333,3,0.5812731385231018,162,337,296,380,229.0,358.5
141,355,3,0.2614787817001343,0,339,71,423,35.5,381.0
141,343,3,0.7336315512657166,124,342,253,390,188.5,366.0
141,272,3,0.5590236783027649,608,347,799,430,703.5,388.5
142,244,3,0.8033316135406494,867,336,1034,398,950.5,367.0
142,290,8,0.47673097252845764,1093,319,1280,392,1186.5,355.5
142,321,0,0.2867210805416107,811,486,855,616,833.0,551.0
142,355,4,0.37447893619537354,0,340,74,426,37.0,383.0
142,343,3,0.6846418380737305,131,338,267,388,199.0,363.0
142,272,3,0.5977218747138977,630,346,836,435,733.0,390.5
142,367,3,0.41693148016929626,1097,319,1280,391,1188.5,355.0
143,244,3,0.7772541046142578,881,335,1052,399,966.5,367.0
143,290,8,0.35250407457351685,1101,320,1280,393,1190.5,356.5
143,321,0,0.3098349869251251,811,485,856,618,833.5,551.5
143,355,3,0.3294636607170105,0,341,75,425,37.5,383.0
143,343,3,0.6310540437698364,119,341,267,394,193.0,367.5
143,272,3,0.712101936340332,649,349,854,434,751.5,391.5
143,367,3,0.5350958108901978,1103,320,1280,391,1191.5,355.5
143,358,0,0.34275907278060913,442,411,487,496,464.5,453.5
143,333,3,0.6250881552696228,155,337,299,384,227.0,360.5
144,244,3,0.786781907081604,901,335,1077,400,989.0,367.5
144,290,8,0.36245810985565186,1116,320,1280,393,1198.0,356.5
144,321,0,0.3386649191379547,811,485,856,619,833.5,552.0
144,355,4,0.4216814935207367,2,342,73,421,37.5,381.5
144,272,3,0.7134599089622498,671,348,889,436,780.0,392.0
144,367,3,0.5509992837905884,1118,321,1280,391,1199.0,356.0
144,358,0,0.2939399778842926,442,411,487,498,464.5,454.5
144,333,3,0.7192742824554443,136,338,291,387,213.5,362.5
145,244,3,0.7898476123809814,914,334,1095,400,1004.5,367.0
145,321,0,0.32879728078842163,811,486,856,619,833.5,552.5
145,272,3,0.607317328453064,691,349,915,437,803.0,393.0
145,358,0,0.3918106257915497,443,413,488,499,465.5,456.0
145,333,3,0.5791942477226257,163,336,312,384,237.5,360.0
145,371,3,0.490808367729187,623,341,699,386,661.0,363.5
145,343,3,0.70328688621521,134,341,283,393,208.5,367.0
146,244,3,0.7509717345237732,936,334,1120,400,1028.0,367.0
146,321,0,0.30179452896118164,811,485,856,621,833.5,553.0
146,272,3,0.7238235473632812,728,348,951,433,839.5,390.5
146,358,0,0.42243340611457825,443,414,490,505,466.5,459.5
146,371,3,0.48892199993133545,623,341,724,400,673.5,370.5
146,343,3,0.7789811491966248,140,340,299,395,219.5,367.5
146,290,3,0.5746649503707886,1144,322,1280,391,1212.0,356.5
147,244,3,0.6890776753425598,951,334,1140,403,1045.5,368.5
147,321,0,0.3416005074977875,811,486,856,621,833.5,553.5
147,272,3,0.6793500781059265,755,349,977,432,866.0,390.5
147,358,0,0.4219769835472107,443,413,491,509,467.0,461.0
147,371,3,0.5759280920028687,631,341,739,404,685.0,372.5
147,343,3,0.7326639294624329,145,341,303,395,224.0,368.0
147,290,3,0.6250919699668884,1162,325,1280,391,1221.0,358.0
147,333,3,0.5007586479187012,186,335,330,384,258.0,359.5
148,244,3,0.6513897180557251,969,333,1169,406,1069.0,369.5
148,321,0,0.3471066653728485,811,487,855,618,833.0,552.5
148,272,3,0.40005138516426086,795,350,1005,427,900.0,388.5
148,358,0,0.4242193400859833,444,413,491,507,467.5,460.0
148,371,3,0.6641287803649902,647,341,763,408,705.0,374.5
148,343,3,0.7717381715774536,155,339,315,393,235.0,366.0
148,319,0,0.3485633134841919,378,393,416,480,397.0,436.5
149,244,3,0.36441269516944885,986,333,1183,404,1084.5,368.5
149,321,0,0.30683040618896484,811,489,854,617,832.5,553.0
149,358,0,0.3801942765712738,446,414,490,505,468.0,459.5
149,371,3,0.5336832404136658,661,339,783,408,722.0,373.5
149,343,3,0.7296051979064941,163,338,322,391,242.5,364.5
149,319,0,0.3072664737701416,380,394,418,479,399.0,436.5
150,244,3,0.6186591982841492,1020,332,1213,401,1116.5,366.5
150,321,0,0.27510786056518555,811,489,854,616,832.5,552.5
150,371,3,0.7828069925308228,688,338,813,407,750.5,372.5
150,343,3,0.7871253490447998,168,337,335,392,251.5,364.5
150,319,0,0.3497728109359741,378,393,417,480,397.5,436.5
150,272,3,0.501732587814331,868,351,1081,427,974.5,389.0
151,244,3,0.3948095142841339,1034,332,1229,401,1131.5,366.5
151,321,0,0.3307715654373169,811,491,852,616,831.5,553.5
151,371,3,0.7028767466545105,704,339,829,407,766.5,373.0
151,343,3,0.7671502828598022,177,337,341,392,259.0,364.5
151,319,0,0.3774924874305725,378,392,418,479,398.0,435.5
151,272,3,0.6270564198493958,902,351,1128,430,1015.0,390.5
152,321,0,0.35205361247062683,811,490,853,616,832.0,553.0
152,371,3,0.762906014919281,725,342,847,406,786.0,374.0
152,343,3,0.8094385862350464,184,336,354,392,269.0,364.0
152,319,0,0.33487340807914734,381,393,420,480,400.5,436.5
152,272,3,0.5128536224365234,959,350,1193,428,1076.0,389.0
152,347,3,0.45172709226608276,1171,361,1266,423,1218.5,392.0
152,335,0,0.28637269139289856,975,490,1020,600,997.5,545.0
153,321,0,0.31798049807548523,811,489,854,617,832.5,553.0
153,371,3,0.7490384578704834,737,342,863,406,800.0,374.0
153,343,3,0.8431277275085449,189,336,363,393,276.0,364.5
153,319,0,0.38825780153274536,381,393,421,481,401.0,437.0
153,272,3,0.3614659905433655,978,347,1254,438,1116.0,392.5
153,347,3,0.28707265853881836,1175,363,1274,427,1224.5,395.0
153,335,0,0.29172712564468384,974,490,1020,603,997.0,546.5
154,321,0,0.30866584181785583,813,486,856,615,834.5,550.5
154,371,3,0.7279869318008423,756,343,884,406,820.0,374.5
154,343,3,0.8271712064743042,198,336,375,394,286.5,365.0
154,319,0,0.32957249879837036,381,393,421,480,401.0,436.5
154,272,8,0.29357147216796875,1002,347,1280,445,1141.0,396.0
154,335,0,0.2725992500782013,974,491,1019,602,996.5,546.5
154,355,3,0.6316002607345581,18,343,95,421,56.5,382.0
155,321,0,0.26915016770362854,813,485,857,613,835.0,549.0
155,371,3,0.6697292327880859,768,344,899,407,833.5,375.5
155,343,3,0.8153071403503418,206,336,383,395,294.5,365.5
155,319,0,0.36122655868530273,385,394,423,478,404.0,436.0
155,335,0,0.27703019976615906,975,492,1018,598,996.5,545.0
155,399,3,0.34612396359443665,626,310,681,357,653.5,333.5
155,355,3,0.5910793542861938,17,341,102,422,59.5,381.5
156,321,0,0.27420029044151306,813,484,857,613,835.0,548.5
156,371,3,0.6932497024536133,786,342,924,407,855.0,374.5
156,343,3,0.822900652885437,216,336,393,394,304.5,365.0
156,319,0,0.44512316584587097,388,395,424,476,406.0,435.5
156,335,0,0.28918367624282837,975,481,1021,595,998.0,538.0
156,355,3,0.5894719958305359,5,345,87,425,46.0,385.0
157,371,3,0.6651619076728821,797,343,939,408,868.0,375.5
157,343,3,0.8196628093719482,225,336,404,395,314.5,365.5
157,319,0,0.5157680511474609,392,396,425,473,408.5,434.5
157,335,0,0.34424880146980286,973,468,1019,587,996.0,527.5
157,355,3,0.49402815103530884,0,344,84,428,42.0,386.0
157,399,4,0.3815901577472687,623,309,678,357,650.5,333.0
158,371,3,0.5757543444633484,813,341,962,408,887.5,374.5
158,343,3,0.849852442741394,234,336,413,395,323.5,365.5
158,319,0,0.47350388765335083,393,395,426,471,409.5,433.0
158,355,3,0.5827459692955017,0,344,82,429,41.0,386.5
158,347,3,0.3814069926738739,1174,358,1277,425,1225.5,391.5
159,371,3,0.6481282114982605,831,342,981,408,906.0,375.0
159,343,3,0.8508855104446411,239,336,418,395,328.5,365.5
159,319,0,0.5325981974601746,396,397,427,469,411.5,433.0
159,355,3,0.5713093280792236,0,345,79,428,39.5,386.5
159,244,3,0.5418722033500671,1162,333,1280,387,1221.0,360.0
160,371,3,0.5820801854133606,847,342,1002,409,924.5,375.5
160,343,3,0.8276991248130798,246,337,423,396,334.5,366.5
160,319,0,0.5113973021507263,396,396,427,469,411.5,432.5
160,413,3,0.4451035261154175,9,338,148,387,78.5,362.5
160,415,8,0.3820718824863434,625,344,1011,492,818.0,418.0
160,418,3,0.5344718098640442,5,370,160,456,82.5,413.0
161,371,3,0.58714759349823,864,341,1023,409,943.5,375.0
161,343,3,0.8220474720001221,252,336,428,396,340.0,366.0
161,319,0,0.5618051290512085,397,396,427,468,412.0,432.0
161,415,8,0.36181023716926575,643,345,1040,498,841.5,421.5
161,421,3,0.4197675585746765,1184,329,1276,360,1230.0,344.5
162,371,3,0.6533042788505554,883,343,1043,410,963.0,376.5
162,343,3,0.8624047040939331,260,335,433,395,346.5,365.0
162,319,0,0.4861528277397156,396,395,427,467,411.5,431.0
162,421,3,0.6853373050689697,1176,328,1273,361,1224.5,344.5
162,355,3,0.505165159702301,4,360,70,425,37.0,392.5
162,413,3,0.34239253401756287,0,339,167,400,83.5,369.5
163,371,3,0.5138524174690247,915,347,1068,409,991.5,378.0
163,343,3,0.811052143573761,265,335,436,395,350.5,365.0
163,319,0,0.4892570674419403,398,396,427,465,412.5,430.5
163,421,3,0.6625410914421082,1165,328,1265,362,1215.0,345.0
163,427,8,0.4244387745857239,560,307,725,374,642.5,340.5
163,355,3,0.37979456782341003,8,362,66,415,37.0,388.5
163,418,3,0.3142988681793213,18,368,191,463,104.5,415.5
164,343,3,0.6929667592048645,288,334,459,395,373.5,364.5
164,319,0,0.44224148988723755,399,396,427,465,413.0,430.5
164,421,3,0.6691391468048096,1153,328,1251,362,1202.0,345.0
164,427,8,0.3291230797767639,566,307,729,373,647.5,340.0
164,418,3,0.6130354404449463,69,377,229,466,149.0,421.5
164,31,5,0.36615005135536194,752,388,1280,719,1016.0,553.5
165,343,3,0.7033542394638062,303,335,469,394,386.0,364.5
165,319,0,0.3003973364830017,398,391,428,464,413.0,427.5
165,421,3,0.7392388582229614,1142,328,1241,362,1191.5,345.0
165,427,8,0.47622472047805786,570,307,734,374,652.0,340.5
165,418,3,0.5645955801010132,85,375,250,468,167.5,421.5
165,434,3,0.5750828385353088,89,340,167,383,128.0,361.5
165,31,5,0.4412896931171417,776,395,1280,719,1028.0,557.0
165,355,3,0.4016786217689514,9,364,69,417,39.0,390.5
166,343,3,0.5824928879737854,317,337,483,395,400.0,366.0
166,421,3,0.5763927102088928,1139,330,1231,361,1185.0,345.5
166,427,8,0.6104416847229004,576,306,742,374,659.0,340.0
166,418,3,0.5855962634086609,103,382,257,468,180.0,425.0
166,434,3,0.46851208806037903,101,341,182,385,141.5,363.0
166,31,5,0.5220057368278503,784,381,1280,720,1032.0,550.5
166,355,3,0.315540075302124,5,365,73,425,39.0,395.0
167,343,3,0.5885806679725647,328,338,496,396,412.0,367.0
167,421,3,0.5146496891975403,1143,332,1229,361,1186.0,346.5
167,427,8,0.6510526537895203,587,306,753,374,670.0,340.0
167,418,3,0.6609853506088257,111,390,264,474,187.5,432.0
167,434,3,0.5069089531898499,107,341,186,384,146.5,362.5
167,31,5,0.5385069847106934,800,384,1280,720,1040.0,552.0
167,355,3,0.4333324432373047,0,354,75,419,37.5,386.5
167,333,3,0.5394829511642456,290,332,405,374,347.5,353.0
168,343,3,0.6787716746330261,340,338,508,396,424.0,367.0
168,421,3,0.40544483065605164,1119,331,1209,361,1164.0,346.0
168,427,8,0.6048580408096313,593,305,760,374,676.5,339.5
168,418,3,0.5522010922431946,119,388,277,472,198.0,430.0
168,434,3,0.4542158842086792,108,342,194,388,151.0,365.0
168,31,5,0.5361598134040833,795,369,1280,720,1037.5,544.5
168,355,3,0.535129725933075,5,348,77,409,41.0,378.5
168,333,3,0.6109583973884583,299,333,406,374,352.5,353.5
168,321,0,0.3726082146167755,811,493,853,615,832.0,554.0
169,343,3,0.717860758304596,350,338,519,396,434.5,367.0
169,421,3,0.5027708411216736,1111,330,1201,360,1156.0,345.0
169,427,8,0.6232588291168213,600,306,765,375,682.5,340.5
169,418,3,0.427166610956192,113,374,296,472,204.5,423.0
169,434,3,0.47399938106536865,109,342,208,394,158.5,368.0
169,31,5,0.6406140923500061,805,379,1280,720,1042.5,549.5
169,355,3,0.30175212025642395,5,345,72,402,38.5,373.5
169,333,3,0.6641726493835449,308,333,409,373,358.5,353.0
169,321,0,0.3706108033657074,811,494,851,613,831.0,553.5
170,343,3,0.36316633224487305,361,338,536,398,448.5,368.0
170,427,8,0.688044011592865,611,307,771,374,691.0,340.5
170,418,3,0.35379964113235474,118,375,311,477,214.5,426.0
170,434,3,0.3332921266555786,114,341,214,393,164.0,367.0
170,31,5,0.6254056096076965,819,395,1278,720,1048.5,557.5
170,333,3,0.7151433825492859,316,333,420,375,368.0,354.0
170,321,0,0.38755857944488525,811,495,851,612,831.0,553.5
171,343,3,0.6504487991333008,367,337,545,397,456.0,367.0
171,427,8,0.722303032875061,616,307,773,374,694.5,340.5
171,418,3,0.38445061445236206,114,372,328,484,221.0,428.0
171,434,3,0.4343101680278778,115,341,224,397,169.5,369.0
171,31,5,0.3844614624977112,857,457,1244,719,1050.5,588.0
171,333,3,0.7264885902404785,325,332,431,375,378.0,353.5
171,321,0,0.4510114789009094,812,496,852,613,832.0,554.5
171,454,3,0.3978465795516968,1166,336,1233,360,1199.5,348.0
171,347,3,0.44179391860961914,1178,357,1272,414,1225.0,385.5
172,343,3,0.7336946725845337,386,337,561,397,473.5,367.0
172,427,8,0.7830384373664856,623,309,777,374,700.0,341.5
172,418,3,0.5780039429664612,127,373,348,486,237.5,429.5
172,434,3,0.32727113366127014,114,341,228,399,171.0,370.0
172,31,5,0.6440477967262268,835,426,1265,719,1050.0,572.5
172,333,3,0.7528769969940186,333,332,442,376,387.5,354.0
172,321,0,0.3653518259525299,811,493,853,615,832.0,554.0
173,343,3,0.6668093800544739,402,338,576,398,489.0,368.0
173,427,8,0.7890164256095886,624,308,778,374,701.0,341.0
173,418,3,0.4351860582828522,129,373,362,489,245.5,431.0
173,434,3,0.3864233195781708,114,341,229,398,171.5,369.5
173,31,5,0.541637659072876,835,426,1266,720,1050.5,573.0
173,333,3,0.7491146326065063,336,332,446,377,391.0,354.5
173,321,0,0.3936973214149475,811,493,853,614,832.0,553.5
173,458,3,0.45328715443611145,0,348,33,408,16.5,378.0
174,343,3,0.6568031907081604,420,338,592,397,506.0,367.5
174,427,8,0.7481329441070557,626,308,783,374,704.5,341.0
174,418,3,0.4140295386314392,130,369,379,490,254.5,429.5
174,434,3,0.6676847338676453,116,341,236,398,176.0,369.5
174,31,5,0.3797500729560852,844,441,1257,720,1050.5,580.5
174,333,3,0.758712112903595,343,332,453,377,398.0,354.5
174,321,0,0.4167528450489044,811,494,852,613,831.5,553.5
174,458,3,0.47610509395599365,0,345,42,423,21.0,384.0
175,343,3,0.6185910105705261,432,338,603,398,517.5,368.0
175,427,8,0.7285999059677124,626,306,786,375,706.0,340.5
175,418,3,0.3298782408237457,127,367,380,488,253.5,427.5
175,434,3,0.4297870695590973,118,340,242,399,180.0,369.5
175,31,5,0.35815954208374023,834,426,1267,720,1050.5,573.0
175,333,3,0.7791725993156433,349,332,457,376,403.0,354.0
175,321,0,0.4041256904602051,811,493,853,613,832.0,553.0
175,458,3,0.5901272296905518,0,344,44,426,22.0,385.0
176,343,3,0.6909652948379517,440,339,612,399,526.0,369.0
176,427,8,0.7666955590248108,627,306,791,375,709.0,340.5
176,418,3,0.5326457023620605,129,368,397,495,263.0,431.5
176,434,3,0.3778180480003357,116,340,246,401,181.0,370.5
176,333,3,0.744957447052002,356,332,462,376,409.0,354.0
176,321,0,0.3979365825653076,811,492,853,613,832.0,552.5
176,458,3,0.5415547490119934,1,341,43,415,22.0,378.0
177,343,3,0.7228108644485474,440,338,614,399,527.0,368.5
177,427,8,0.820337176322937,628,306,793,375,710.5,340.5
177,418,3,0.5724300742149353,136,367,417,500,276.5,433.5
177,333,3,0.6974217891693115,358,331,468,377,413.0,354.0
177,321,0,0.37460413575172424,812,491,854,614,833.0,552.5
177,458,3,0.4802584946155548,5,340,43,406,24.0,373.0
177,468,1,0.33384987711906433,1,415,44,504,22.5,459.5
178,343,3,0.7515117526054382,452,339,625,400,538.5,369.5
178,427,8,0.7698246240615845,632,305,799,375,715.5,340.0
178,418,3,0.35982874035835266,138,367,424,503,281.0,435.0
178,333,3,0.7245877385139465,364,331,481,380,422.5,355.5
178,321,0,0.3738155663013458,812,489,855,616,833.5,552.5
178,468,1,0.319118469953537,2,416,45,504,23.5,460.0
178,471,3,0.5588774681091309,968,331,1124,388,1046.0,359.5
178,421,3,0.5835883617401123,988,328,1089,362,1038.5,345.0
178,355,3,0.6553784608840942,0,341,57,390,28.5,365.5
178,434,3,0.46501919627189636,122,343,257,403,189.5,373.0
179,343,3,0.7155047655105591,466,339,638,400,552.0,369.5
179,427,8,0.7766885757446289,636,305,802,375,719.0,340.0
179,418,3,0.38608068227767944,144,367,422,500,283.0,433.5
179,333,3,0.7473319172859192,372,332,486,379,429.0,355.5
179,321,0,0.3878030776977539,812,489,856,617,834.0,553.0
179,468,1,0.27469402551651,2,416,45,506,23.5,461.0
179,471,3,0.3435453772544861,971,333,1120,388,1045.5,360.5
179,474,3,0.5413345098495483,1008,355,1120,393,1064.0,374.0
179,475,0,0.36420321464538574,976,493,1018,599,997.0,546.0
179,421,3,0.5151270627975464,985,328,1081,360,1033.0,344.0
179,355,3,0.5657657980918884,0,342,62,397,31.0,369.5
179,434,3,0.6220338344573975,121,342,260,403,190.5,372.5
180,343,3,0.7341465353965759,483,338,663,402,573.0,370.0
180,427,8,0.5144012570381165,641,306,810,375,725.5,340.5
180,333,3,0.6381055116653442,377,332,499,383,438.0,357.5
180,321,0,0.48072153329849243,814,491,856,613,835.0,552.0
180,468,1,0.29116031527519226,0,413,47,510,23.5,461.5
180,475,0,0.2607746124267578,978,490,1019,596,998.5,543.0
180,421,3,0.6739218235015869,972,329,1068,361,1020.0,345.0
180,355,3,0.48207420110702515,0,341,71,402,35.5,371.5
180,434,3,0.5774432420730591,120,343,270,406,195.0,374.5
181,343,3,0.6934350728988647,495,338,682,404,588.5,371.0
181,427,8,0.8147722482681274,643,306,814,375,728.5,340.5
181,333,3,0.7094079852104187,382,332,505,384,443.5,358.0
181,321,0,0.39781323075294495,814,491,855,611,834.5,551.0
181,468,1,0.2691706120967865,0,413,46,508,23.0,460.5
181,475,0,0.36450091004371643,978,488,1019,593,998.5,540.5
181,421,3,0.8324727416038513,962,329,1058,362,1010.0,345.5
181,355,3,0.5443333387374878,0,341,80,414,40.0,377.5
181,434,3,0.5317173600196838,121,343,274,407,197.5,375.0
182,343,3,0.7839416265487671,513,337,702,405,607.5,371.0
182,427,8,0.8455308675765991,649,305,821,375,735.0,340.0
182,333,3,0.7307317852973938,391,331,507,380,449.0,355.5
182,321,0,0.32362866401672363,813,489,856,612,834.5,550.5
182,475,0,0.36928731203079224,977,483,1019,592,998.0,537.5
182,421,3,0.8348968029022217,949,330,1042,362,995.5,346.0
182,355,3,0.4028218388557434,0,341,78,408,39.0,374.5
182,434,3,0.575587272644043,137,345,290,407,213.5,376.0
182,491,3,0.5789161920547485,1079,340,1208,391,1143.5,365.5
183,343,3,0.7033534646034241,528,337,715,403,621.5,370.0
183,427,8,0.8064513206481934,652,306,826,375,739.0,340.5
183,333,3,0.7660852074623108,398,330,508,377,453.0,353.5
183,321,0,0.3144833743572235,812,488,855,612,833.5,550.0
183,475,0,0.34201177954673767,977,483,1019,591,998.0,537.0
183,421,3,0.8349083662033081,941,330,1033,361,987.0,345.5
183,355,3,0.48088037967681885,1,341,78,407,39.5,374.0
183,434,3,0.6522712707519531,140,345,293,407,216.5,376.0
183,491,3,0.6166031360626221,1106,347,1227,394,1166.5,370.5
183,347,3,0.4039406180381775,1181,365,1279,425,1230.0,395.0
184,343,3,0.6730137467384338,545,336,734,404,639.5,370.0
184,427,8,0.8023794293403625,657,305,832,375,744.5,340.0
184,333,3,0.8083614110946655,405,330,514,376,459.5,353.0
184,321,0,0.2999325394630432,813,490,854,610,833.5,550.0
184,475,0,0.3781977593898773,978,486,1018,588,998.0,537.0
184,421,3,0.8074445128440857,925,330,1018,361,971.5,345.5
184,355,3,0.47299158573150635,6,341,73,395,39.5,368.0
184,434,3,0.5132086873054504,150,345,308,408,229.0,376.5
184,491,3,0.6029409170150757,1148,346,1277,397,1212.5,371.5
185,343,3,0.5721665620803833,559,336,748,404,653.5,370.0
185,427,8,0.7773013114929199,664,305,841,376,752.5,340.5
185,333,3,0.6895732879638672,408,330,521,377,464.5,353.5
185,321,0,0.32594072818756104,813,489,854,610,833.5,549.5
185,475,0,0.37381285429000854,979,486,1018,588,998.5,537.0
185,421,3,0.7875097393989563,914,329,1008,362,961.0,345.5
185,355,3,0.5787753462791443,7,340,72,393,39.5,366.5
185,434,3,0.5831563472747803,157,345,316,409,236.5,377.0
185,491,3,0.6760392785072327,1158,340,1280,398,1219.0,369.0
185,418,3,0.36269813776016235,263,387,518,507,390.5,447.0
186,343,3,0.4880494177341461,594,338,773,402,683.5,370.0
186,427,8,0.7425112724304199,663,303,846,375,754.5,339.0
186,333,3,0.6590343117713928,413,330,530,380,471.5,355.0
186,321,0,0.30784305930137634,813,490,854,609,833.5,549.5
186,475,0,0.38783252239227295,979,487,1018,588,998.5,537.5
186,421,3,0.7940394282341003,904,330,996,362,950.0,346.0
186,355,3,0.49454018473625183,6,340,75,393,40.5,366.5
186,434,3,0.7545716762542725,172,343,333,408,252.5,375.5
186,491,3,0.6526360511779785,1184,343,1280,398,1232.0,370.5
186,503,3,0.5640483498573303,1167,324,1271,364,1219.0,344.0
187,343,3,0.5067899823188782,605,338,783,403,694.0,370.5
187,427,8,0.6771949529647827,670,305,851,376,760.5,340.5
187,333,3,0.7546963095664978,415,330,536,381,475.5,355.5
187,321,0,0.30295971035957336,813,489,854,610,833.5,549.5
187,475,0,0.34191587567329407,979,487,1019,589,999.0,538.0
187,421,3,0.7925205230712891,896,331,986,362,941.0,346.5
187,355,3,0.40679994225502014,6,340,77,394,41.5,367.0
187,434,3,0.7814235091209412,185,342,352,408,268.5,375.0
187,491,3,0.5193732380867004,1194,348,1280,399,1237.0,373.5
187,503,3,0.7365754842758179,1164,324,1260,362,1212.0,343.0
188,343,3,0.5160372257232666,625,338,805,403,715.0,370.5
188,427,8,0.6744614243507385,666,303,854,376,760.0,339.5
188,333,3,0.7684066891670227,417,331,542,384,479.5,357.5
188,321,0,0.3020572066307068,813,488,854,610,833.5,549.0
188,475,0,0.323908269405365,978,485,1019,590,998.5,537.5
188,421,3,0.7451659440994263,884,330,975,362,929.5,346.0
188,355,3,0.28642919659614563,6,340,74,390,40.0,365.0
188,434,3,0.7883972525596619,200,342,368,408,284.0,375.0
188,503,3,0.7829016447067261,1150,324,1251,363,1200.5,343.5
189,343,3,0.7184964418411255,635,337,821,405,728.0,371.0
189,427,8,0.4202905297279358,672,301,862,375,767.0,338.0
189,333,3,0.7587146162986755,417,331,548,387,482.5,359.0
189,321,0,0.29234665632247925,812,487,854,610,833.0,548.5
189,421,3,0.6116291880607605,875,329,967,361,921.0,345.0
189,355,3,0.2911010682582855,6,339,73,388,39.5,363.5
189,434,3,0.8094989061355591,213,342,385,409,299.0,375.5
189,503,3,0.778605580329895,1139,323,1244,363,1191.5,343.0
189,31,5,0.32224294543266296,827,413,1276,720,1051.5,566.5
189,468,1,0.30004429817199707,2,412,46,502,24.0,457.0
190,343,3,0.64568692445755,651,337,843,406,747.0,371.5
190,427,8,0.4744235873222351,692,303,884,375,788.0,339.0
190,333,3,0.6298460364341736,418,331,559,390,488.5,360.5
190,421,3,0.4181341528892517,856,327,954,361,905.0,344.0
190,355,3,0.3717660903930664,3,337,74,387,38.5,362.0
190,434,3,0.8086965084075928,225,341,403,410,314.0,375.5
190,503,3,0.7913368940353394,1116,321,1230,364,1173.0,342.5
190,31,5,0.28066229820251465,827,414,1275,720,1051.0,567.0
190,468,1,0.2970796525478363,2,412,45,500,23.5,456.0
191,343,8,0.6101166009902954,653,324,878,407,765.5,365.5
191,333,3,0.6595321297645569,424,331,559,387,491.5,359.0
191,421,3,0.41069233417510986,848,326,944,361,896.0,343.5
191,355,3,0.2593212127685547,5,338,74,387,39.5,362.5
191,434,3,0.7828429937362671,231,340,415,411,323.0,375.5
191,503,3,0.8379091024398804,1106,321,1220,364,1163.0,342.5
191,31,5,0.33867985010147095,827,412,1276,720,1051.5,566.0
191,468,1,0.29784518480300903,2,412,46,499,24.0,455.5
191,512,3,0.5000905990600586,426,349,588,430,507.0,389.5
192,343,3,0.6450559496879578,679,327,897,407,788.0,367.0
192,333,3,0.4938216805458069,431,331,572,388,501.5,359.5
192,421,3,0.31704288721084595,824,321,931,361,877.5,341.0
192,355,3,0.5868803262710571,11,338,104,402,57.5,370.0
192,434,3,0.8283315300941467,241,341,427,413,334.0,377.0
192,503,3,0.829629123210907,1096,321,1213,365,1154.5,343.0
192,512,3,0.6239190101623535,430,352,585,429,507.5,390.5
192,515,8,0.5764814615249634,687,331,886,407,786.5,369.0
192,321,0,0.25138217210769653,811,489,852,611,831.5,550.0
192,427,8,0.4288790225982666,693,304,911,385,802.0,344.5
193,343,3,0.6500881910324097,695,328,910,407,802.5,367.5
193,333,3,0.5130194425582886,434,330,572,385,503.0,357.5
193,355,3,0.6110451817512512,15,339,114,404,64.5,371.5
193,434,3,0.8298690915107727,250,341,431,412,340.5,376.5
193,503,3,0.7909594774246216,1088,320,1206,364,1147.0,342.0
193,512,3,0.4854624569416046,428,354,589,433,508.5,393.5
193,321,0,0.2565617859363556,811,488,852,612,831.5,550.0
193,427,8,0.43329381942749023,693,303,915,387,804.0,345.0
193,31,5,0.3043205142021179,825,407,1278,719,1051.5,563.0
193,468,1,0.2575305104255676,2,412,46,499,24.0,455.5
194,343,3,0.7374141216278076,722,331,934,409,828.0,370.0
194,333,3,0.5399444699287415,443,331,588,388,515.5,359.5
194,355,3,0.6270294189453125,24,339,118,397,71.0,368.0
194,434,3,0.8232520818710327,261,341,436,410,348.5,375.5
194,503,3,0.8017968535423279,1077,321,1194,364,1135.5,342.5
194,512,3,0.46765953302383423,447,354,633,445,540.0,399.5
194,519,3,0.581562340259552,0,334,36,378,18.0,356.0
194,31,5,0.3726084232330322,823,403,1280,719,1051.5,561.0
194,458,3,0.5942767262458801,24,335,61,380,42.5,357.5
195,343,3,0.7849752306938171,742,334,951,409,846.5,371.5
195,333,3,0.5090615153312683,430,331,608,402,519.0,366.5
195,355,3,0.5991913080215454,27,340,126,398,76.5,369.0
195,434,3,0.8339446783065796,268,341,438,410,353.0,375.5
195,503,3,0.8268997073173523,1069,322,1183,364,1126.0,343.0
195,512,3,0.3597484529018402,451,345,647,439,549.0,392.0
195,519,3,0.5834170579910278,1,335,38,379,19.5,357.0
195,31,5,0.3748159408569336,823,403,1279,719,1051.0,561.0
195,321,0,0.2685680687427521,811,487,851,612,831.0,549.5
196,343,3,0.7527410387992859,763,332,981,410,872.0,371.0
196,333,3,0.5631119012832642,443,330,612,398,527.5,364.0
196,355,3,0.6873482465744019,36,341,133,395,84.5,368.0
196,434,3,0.7877823114395142,283,341,452,410,367.5,375.5
196,503,3,0.8072983622550964,1058,322,1172,363,1115.0,342.5
196,31,5,0.5797349214553833,823,402,1278,719,1050.5,560.5
196,523,3,0.38452088832855225,2,370,80,436,41.0,403.0
196,321,0,0.25995934009552,811,488,851,612,831.0,550.0
197,343,3,0.7938551902770996,780,333,1000,411,890.0,372.0
197,333,3,0.4130570888519287,442,330,622,403,532.0,366.5
197,355,3,0.6861764192581177,41,340,138,391,89.5,365.5
197,434,3,0.8099563121795654,299,341,469,411,384.0,376.0
197,503,3,0.7904608249664307,1054,323,1162,363,1108.0,343.0
197,31,5,0.7463802099227905,822,396,1280,719,1051.0,557.5
197,321,0,0.2964073419570923,811,487,852,613,831.5,550.0
197,527,3,0.42986220121383667,1250,324,1279,355,1264.5,339.5
197,519,3,0.38721683621406555,10,334,48,378,29.0,356.0
198,343,3,0.8063356280326843,806,333,1029,411,917.5,372.0
198,333,3,0.44719457626342773,465,329,624,394,544.5,361.5
198,355,3,0.652136504650116,54,340,149,388,101.5,364.0
198,434,3,0.6031758189201355,311,339,485,412,398.0,375.5
198,503,3,0.8029332160949707,1043,324,1150,362,1096.5,343.0
198,31,5,0.717919111251831,826,403,1277,719,1051.5,561.0
198,321,0,0.3300684988498688,811,484,853,614,832.0,549.0
198,527,3,0.43193233013153076,1250,325,1277,355,1263.5,340.0
198,519,3,0.5654609203338623,18,333,58,377,38.0,355.0
198,475,0,0.27480366826057434,976,481,1019,591,997.5,536.0
199,343,3,0.7670800685882568,826,334,1049,412,937.5,373.0
199,333,3,0.6101459264755249,478,329,614,385,546.0,357.0
199,355,3,0.6354814171791077,60,340,157,387,108.5,363.5
199,434,3,0.6779166460037231,328,339,501,412,414.5,375.5
199,503,3,0.7878423929214478,1032,324,1139,362,1085.5,343.0
199,31,5,0.7090256214141846,827,404,1275,719,1051.0,561.5
199,321,0,0.33561766147613525,811,482,854,618,832.5,550.0
199,527,3,0.34394335746765137,1248,326,1275,355,1261.5,340.5
199,519,3,0.43725600838661194,18,332,59,376,38.5,354.0
199,475,0,0.29328903555870056,975,478,1020,593,997.5,535.5
199,427,8,0.43639498949050903,720,303,912,374,816.0,338.5
200,343,3,0.7570803761482239,853,335,1073,411,963.0,373.0
200,333,3,0.5960379838943481,495,329,620,381,557.5,355.0
200,355,3,0.3935600519180298,65,340,166,387,115.5,363.5
200,434,3,0.7514122128486633,340,338,513,411,426.5,374.5
200,503,3,0.7227779626846313,1021,324,1132,362,1076.5,343.0
200,31,5,0.5802639722824097,828,406,1273,719,1050.5,562.5
200,321,0,0.340393990278244,811,482,855,620,833.0,551.0
200,527,3,0.4875435531139374,1245,326,1273,356,1259.0,341.0
200,519,3,0.5220649242401123,18,332,63,377,40.5,354.5
200,475,0,0.3031814992427826,975,477,1020,593,997.5,535.0
200,427,8,0.704491376876831,720,302,918,374,819.0,338.0
201,343,3,0.6155275702476501,871,336,1086,409,978.5,372.5
201,333,3,0.503856360912323,500,330,637,387,568.5,358.5
201,355,3,0.5452043414115906,83,340,183,386,133.0,363.0
201,434,3,0.6833258271217346,355,337,541,416,448.0,376.5
201,503,3,0.6782441139221191,1014,324,1130,364,1072.0,344.0
201,31,5,0.6985599398612976,826,405,1270,719,1048.0,562.0
201,321,0,0.3348137140274048,811,482,856,621,833.5,551.5
201,527,3,0.3830294609069824,1244,326,1272,355,1258.0,340.5
201,475,0,0.2897883951663971,974,477,1020,596,997.0,536.5
201,427,8,0.6520549654960632,718,301,919,373,818.5,337.0
202,343,3,0.5447794198989868,897,335,1126,412,1011.5,373.5
202,333,3,0.5524312853813171,511,330,651,389,581.0,359.5
202,355,3,0.652097761631012,99,339,197,385,148.0,362.0
202,434,3,0.625939130783081,364,336,542,412,453.0,374.0
202,503,3,0.5095372200012207,1013,326,1136,368,1074.5,347.0
202,31,5,0.7941136360168457,820,393,1280,719,1050.0,556.0
202,321,0,0.2703782320022583,812,482,856,620,834.0,551.0
202,427,8,0.6231793761253357,731,302,929,372,830.0,337.0
202,540,3,0.4054392874240875,13,337,201,388,107.0,362.5
203,343,3,0.46906760334968567,916,333,1158,413,1037.0,373.0
203,333,3,0.48717036843299866,516,330,665,395,590.5,362.5
203,355,3,0.6990285515785217,100,339,199,385,149.5,362.0
203,434,3,0.589532196521759,376,336,542,406,459.0,371.0
203,503,3,0.4076523184776306,1008,326,1117,364,1062.5,345.0
203,31,5,0.8317926526069641,821,390,1280,719,1050.5,554.5
203,321,0,0.2502480149269104,813,482,856,619,834.5,550.5
203,427,8,0.5804296135902405,740,303,937,373,838.5,338.0
203,540,3,0.44725778698921204,7,336,197,388,102.0,362.0
204,343,3,0.7194896936416626,944,329,1201,412,1072.5,370.5
204,333,3,0.6014239192008972,517,330,684,404,600.5,367.0
204,355,3,0.7029012441635132,100,339,203,386,151.5,362.5
204,434,3,0.6781383752822876,389,335,578,416,483.5,375.5
204,31,5,0.8137215375900269,826,397,1278,719,1052.0,558.0
204,427,8,0.6941431164741516,743,302,941,372,842.0,337.0
204,546,3,0.3951738476753235,1,332,89,375,45.0,353.5
205,343,3,0.6903322339057922,966,327,1232,412,1099.0,369.5
205,333,3,0.4816739559173584,520,330,697,412,608.5,371.0
205,434,3,0.6980798840522766,407,336,604,418,505.5,377.0
205,31,5,0.803978681564331,827,396,1278,719,1052.5,557.5
205,427,8,0.6650078892707825,750,302,948,373,849.0,337.5
205,549,3,0.3662363886833191,1214,324,1279,355,1246.5,339.5
205,550,3,0.34847190976142883,630,366,926,447,778.0,406.5
205,551,3,0.4113803505897522,992,519,1278,720,1135.0,619.5
205,540,3,0.691804051399231,13,336,205,389,109.0,362.5
206,343,3,0.38067081570625305,974,328,1239,412,1106.5,370.0
206,333,3,0.2983053922653198,521,333,691,412,606.0,372.5
206,434,3,0.5988032817840576,418,336,606,415,512.0,375.5
206,31,5,0.5026401281356812,833,406,1272,719,1052.5,562.5
206,427,8,0.6018257737159729,760,304,954,373,857.0,338.5
206,550,3,0.42058607935905457,664,366,934,439,799.0,402.5
206,551,3,0.4166690409183502,994,518,1280,720,1137.0,619.0
206,540,3,0.31733545660972595,5,335,221,394,113.0,364.5
206,355,3,0.7651965618133545,109,337,218,386,163.5,361.5
206,546,3,0.5104361772537231,3,331,114,385,58.5,358.0
207,343,3,0.38448280096054077,1002,332,1261,413,1131.5,372.5
207,434,3,0.5645740032196045,434,336,637,419,535.5,377.5
207,427,8,0.5692692995071411,767,305,959,373,863.0,339.0
207,551,3,0.4262181222438812,995,517,1280,720,1137.5,618.5
207,355,3,0.7894411683082581,112,337,224,386,168.0,361.5
207,546,3,0.430146187543869,0,332,120,396,60.0,364.0
207,503,3,0.4900611639022827,963,323,1073,362,1018.0,342.5
208,343,3,0.41657644510269165,1027,335,1271,410,1149.0,372.5
208,434,3,0.5476062893867493,410,336,598,415,504.0,375.5
208,427,8,0.6687657833099365,773,305,969,374,871.0,339.5
208,551,3,0.4640994071960449,996,517,1280,720,1138.0,618.5
208,355,3,0.7943465113639832,116,337,230,386,173.0,361.5
208,503,3,0.5910593271255493,957,326,1053,360,1005.0,343.0
208,333,3,0.4681525230407715,504,337,694,425,599.0,381.0
209,343,3,0.4648497402667999,1039,333,1273,405,1156.0,369.0
209,434,3,0.46263816952705383,411,335,596,414,503.5,374.5
209,427,8,0.4910183250904083,775,304,971,374,873.0,339.0
209,551,3,0.46996909379959106,993,517,1280,720,1136.5,618.5
209,355,3,0.7778301239013672,119,338,234,386,176.5,362.0
209,503,3,0.44533517956733704,941,325,1040,360,990.5,342.5
209,564,3,0.4011712968349457,21,331,118,378,69.5,354.5
209,572,3,0.383478045463562,1,349,24,406,12.5,377.5
209,333,3,0.5594169497489929,476,336,677,425,576.5,380.5
209,31,5,0.26777151226997375,826,398,1275,720,1050.5,559.0
210,343,3,0.4302672743797302,1064,335,1266,396,1165.0,365.5
210,434,3,0.637988805770874,423,335,578,400,500.5,367.5
210,427,8,0.5586867332458496,791,304,989,373,890.0,338.5
210,551,3,0.35969078540802,990,517,1277,720,1133.5,618.5
210,355,3,0.7971428632736206,123,338,244,386,183.5,362.0
210,503,3,0.510373055934906,944,325,1035,359,989.5,342.0
210,564,3,0.4144652783870697,28,331,120,375,74.0,353.0
210,572,3,0.43238237500190735,4,350,27,406,15.5,378.0
210,333,3,0.45906758308410645,509,339,699,422,604.0,380.5
210,31,5,0.5472099184989929,855,447,1246,718,1050.5,582.5
211,343,3,0.4489324390888214,1068,340,1241,392,1154.5,366.0
211,434,3,0.7412618398666382,450,335,580,389,515.0,362.0
211,427,8,0.7570024728775024,792,303,1001,375,896.5,339.0
211,551,3,0.32698291540145874,989,517,1275,720,1132.0,618.5
211,355,3,0.8069576621055603,129,338,253,386,191.0,362.0
211,564,3,0.3926968276500702,34,330,132,378,83.0,354.0
211,333,3,0.6004855632781982,536,341,722,424,629.0,382.5
211,31,5,0.6444882154464722,865,467,1236,718,1050.5,592.5
211,580,3,0.4954730272293091,961,407,1085,476,1023.0,441.5
212,343,3,0.493099182844162,1077,340,1242,391,1159.5,365.5
212,434,3,0.805221438407898,484,334,608,385,546.0,359.5
212,427,8,0.7723204493522644,788,302,1005,378,896.5,340.0
212,355,3,0.8039456009864807,138,337,266,386,202.0,361.5
212,564,3,0.5760037899017334,40,330,150,383,95.0,356.5
212,333,3,0.5109821557998657,570,339,759,422,664.5,380.5
212,31,5,0.5690907835960388,830,415,1274,719,1052.0,567.0
212,583,3,0.4618496298789978,0,337,47,396,23.5,366.5
213,343,3,0.513787567615509,1090,341,1280,402,1185.0,371.5
213,434,3,0.8095800876617432,500,333,621,383,560.5,358.0
213,427,8,0.7988995313644409,788,302,1001,377,894.5,339.5
213,355,3,0.8134409189224243,145,337,273,386,209.0,361.5
213,564,3,0.5311483144760132,45,330,157,384,101.0,357.0
213,333,3,0.3543430268764496,594,340,789,425,691.5,382.5
213,31,5,0.6532325744628906,818,397,1280,719,1049.0,558.0
213,583,3,0.4271831810474396,0,335,50,397,25.0,366.0
214,343,3,0.5783221125602722,1118,343,1280,401,1199.0,372.0
214,434,3,0.7672713398933411,515,333,636,382,575.5,357.5
214,427,8,0.7671812772750854,792,302,1002,375,897.0,338.5
214,355,3,0.8255996108055115,153,337,283,386,218.0,361.5
214,564,3,0.44362133741378784,50,329,161,382,105.5,355.5
214,333,3,0.5435873866081238,623,340,812,422,717.5,381.0
214,31,5,0.5734875798225403,807,381,1280,719,1043.5,550.0
214,583,3,0.4385456442832947,0,335,65,417,32.5,376.0
214,589,3,0.5241068601608276,1063,329,1126,354,1094.5,341.5
214,549,3,0.32507407665252686,1208,322,1280,359,1244.0,340.5
215,343,3,0.49107930064201355,1141,344,1280,397,1210.5,370.5
215,434,3,0.7685598731040955,529,332,651,382,590.0,357.0
215,427,8,0.7573729753494263,797,302,1004,374,900.5,338.0
215,355,3,0.8107791543006897,158,337,289,386,223.5,361.5
215,564,3,0.5531163811683655,51,329,170,387,110.5,358.0
215,333,3,0.6580626964569092,635,340,827,422,731.0,381.0
215,31,5,0.6045481562614441,831,414,1269,718,1050.0,566.0
215,583,3,0.5435916185379028,1,336,74,424,37.5,380.0
215,589,3,0.5162944197654724,1061,328,1128,354,1094.5,341.0
215,549,3,0.48234936594963074,1196,320,1280,363,1238.0,341.5
216,343,3,0.6291751265525818,1163,344,1280,394,1221.5,369.0
216,434,3,0.6903427839279175,543,332,667,383,605.0,357.5
216,427,8,0.7041342854499817,799,302,1005,374,902.0,338.0
216,355,3,0.809027373790741,168,337,301,387,234.5,362.0
216,564,3,0.47287389636039734,61,329,174,383,117.5,356.0
216,333,3,0.6971303224563599,653,340,852,423,752.5,381.5
216,31,5,0.6297650933265686,822,403,1276,719,1049.0,561.0
216,583,3,0.36394551396369934,2,335,77,424,39.5,379.5
216,589,3,0.47789034247398376,1060,328,1126,354,1093.0,341.0
216,549,3,0.4988980293273926,1192,319,1280,362,1236.0,340.5
217,343,3,0.6467232704162598,1177,343,1280,394,1228.5,368.5
217,434,3,0.7067789435386658,553,332,675,383,614.0,357.5
217,427,8,0.634033203125,807,304,1004,372,905.5,338.0
217,355,3,0.837304949760437,176,338,308,386,242.0,362.0
217,564,3,0.5793294906616211,73,330,176,378,124.5,354.0
217,333,3,0.5371900796890259,673,342,872,424,772.5,383.0
217,31,5,0.5319031476974487,816,392,1280,719,1048.0,555.5
217,583,3,0.4490101635456085,8,347,76,427,42.0,387.0
217,589,3,0.45659127831459045,1057,329,1124,354,1090.5,341.5
217,549,3,0.590595006942749,1190,318,1277,359,1233.5,338.5
218,434,3,0.30263254046440125,575,334,698,384,636.5,359.0
218,427,8,0.8308828473091125,814,302,1020,373,917.0,337.5
218,355,3,0.8208545446395874,185,337,321,386,253.0,361.5
218,564,3,0.5536259412765503,87,329,185,375,136.0,352.0
218,333,3,0.5269335508346558,699,343,895,424,797.0,383.5
218,31,5,0.5043200254440308,812,381,1280,719,1046.0,550.0
218,589,3,0.44137412309646606,1054,329,1121,354,1087.5,341.5
218,549,3,0.6086522340774536,1180,317,1273,359,1226.5,338.0
219,427,8,0.5864092707633972,816,303,1022,374,919.0,338.5
219,355,3,0.8041986227035522,191,337,330,387,260.5,362.0
219,564,3,0.3757471740245819,94,328,191,374,142.5,351.0
219,333,3,0.6438397169113159,720,343,918,423,819.0,383.0
219,31,5,0.5926044583320618,812,377,1280,719,1046.0,548.0
219,589,3,0.40256524085998535,1053,327,1118,352,1085.5,339.5
219,549,3,0.6536893248558044,1175,316,1271,359,1223.0,337.5
220,427,8,0.5935848951339722,822,303,1025,373,923.5,338.0
220,355,3,0.8183460831642151,200,336,340,386,270.0,361.0
220,564,3,0.4759625792503357,100,327,206,377,153.0,352.0
220,333,3,0.7200692296028137,760,344,959,422,859.5,383.0
220,31,5,0.679302453994751,829,402,1274,718,1051.5,560.0
220,589,3,0.26022017002105713,1048,325,1120,352,1084.0,338.5
220,549,3,0.6527612209320068,1160,314,1267,361,1213.5,337.5
220,609,4,0.35340815782546997,826,308,1017,371,921.5,339.5
221,427,8,0.4376155138015747,820,304,1023,373,921.5,338.5
221,355,3,0.8135815858840942,207,335,349,386,278.0,360.5
221,564,3,0.46377745270729065,106,327,210,375,158.0,351.0
221,333,3,0.5585160255432129,783,344,984,422,883.5,383.0
221,31,5,0.7675250172615051,835,411,1268,718,1051.5,564.5
221,549,3,0.6814479827880859,1152,313,1266,361,1209.0,337.0
221,609,4,0.3204807937145233,829,308,1020,372,924.5,340.0
221,612,3,0.3691231906414032,1,331,89,425,45.0,378.0
221,613,3,0.37594693899154663,665,326,802,379,733.5,352.5
221,434,3,0.6826286911964417,625,333,759,388,692.0,360.5
222,427,8,0.2956366539001465,835,301,1034,370,934.5,335.5
222,355,3,0.8202297687530518,214,335,359,387,286.5,361.0
222,564,3,0.6943265795707703,111,326,215,374,163.0,350.0
222,333,3,0.7326633930206299,799,342,1007,421,903.0,381.5
222,31,5,0.8383767008781433,819,384,1280,719,1049.5,551.5
222,549,3,0.65727698802948,1143,312,1258,360,1200.5,336.0
222,609,3,0.3747384250164032,845,305,1032,367,938.5,336.0
222,612,3,0.6077374815940857,6,332,77,406,41.5,369.0
222,621,3,0.5065969228744507,533,325,624,362,578.5,343.5
222,434,3,0.6833447813987732,652,333,788,387,720.0,360.0
223,427,4,0.4096151888370514,846,301,1036,366,941.0,333.5
223,355,3,0.8188398480415344,224,335,368,387,296.0,361.0
223,564,3,0.6128888130187988,113,327,218,374,165.5,350.5
223,333,3,0.740304172039032,808,339,1025,421,916.5,380.0
223,31,5,0.8725619316101074,813,371,1280,719,1046.5,545.0
223,549,3,0.6821553707122803,1134,312,1251,360,1192.5,336.0
223,612,3,0.5184147357940674,8,333,72,399,40.0,366.0
223,621,3,0.4267192780971527,528,324,619,361,573.5,342.5
223,434,3,0.7118936777114868,658,331,801,387,729.5,359.0
224,355,3,0.8154155611991882,236,335,380,386,308.0,360.5
224,564,3,0.7494302988052368,115,326,223,375,169.0,350.5
224,333,3,0.7307894229888916,836,338,1055,420,945.5,379.0
224,31,5,0.8682045340538025,815,373,1280,718,1047.5,545.5
224,549,3,0.6701979637145996,1125,313,1239,358,1182.0,335.5
224,612,3,0.35838767886161804,11,335,67,392,39.0,363.5
224,434,3,0.7879939675331116,675,329,826,387,750.5,358.0
224,546,3,0.5430970788002014,12,354,217,452,114.5,403.0
225,355,3,0.8221173286437988,243,335,389,386,316.0,360.5
225,564,3,0.7512434720993042,116,326,227,375,171.5,350.5
225,333,3,0.7959855198860168,851,337,1079,423,965.0,380.0
225,31,5,0.8310844302177429,818,376,1280,718,1049.0,547.0
225,549,3,0.6823602318763733,1114,313,1231,358,1172.5,335.5
225,434,3,0.7568154335021973,691,328,850,388,770.5,358.0
225,546,3,0.47699838876724243,3,345,231,455,117.0,400.0
226,355,3,0.828127384185791,255,335,402,387,328.5,361.0
226,564,3,0.7651877999305725,116,324,236,377,176.0,350.5
226,333,3,0.668192982673645,876,336,1111,425,993.5,380.5
226,31,5,0.7067726254463196,825,387,1279,718,1052.0,552.5
226,549,3,0.6856915950775146,1102,312,1222,357,1162.0,334.5
226,434,3,0.7799558639526367,710,326,876,388,793.0,357.0
226,546,3,0.5829088687896729,10,346,244,458,127.0,402.0
226,630,3,0.5002140998840332,4,333,97,393,50.5,363.0
226,427,8,0.5025908350944519,847,293,1059,366,953.0,329.5
227,355,3,0.7995702624320984,271,335,427,388,349.0,361.5
227,564,3,0.7093350291252136,119,324,241,377,180.0,350.5
227,333,3,0.6680447459220886,896,335,1138,427,1017.0,381.0
227,31,5,0.7287123203277588,819,378,1280,719,1049.5,548.5
227,549,3,0.557101845741272,1095,312,1216,357,1155.5,334.5
227,434,3,0.8191747069358826,721,325,889,388,805.0,356.5
227,546,3,0.4409342408180237,12,346,255,461,133.5,403.5
227,630,3,0.5331591963768005,7,332,104,395,55.5,363.5
227,427,8,0.4655687212944031,845,293,1064,369,954.5,331.0
228,355,3,0.7962108254432678,284,334,444,388,364.0,361.0
228,564,3,0.6717437505722046,133,324,252,375,192.5,349.5
228,333,3,0.7083810567855835,934,336,1175,427,1054.5,381.5
228,31,5,0.6811547875404358,832,399,1270,719,1051.0,559.0
228,549,3,0.44111689925193787,1072,314,1195,358,1133.5,336.0
228,434,3,0.8060272932052612,739,326,909,389,824.0,357.5
228,546,3,0.33328598737716675,10,340,266,460,138.0,400.0
228,427,8,0.7554553747177124,853,294,1065,368,959.0,331.0
229,355,3,0.7679994106292725,289,333,454,389,371.5,361.0
229,564,3,0.6687555909156799,144,325,260,374,202.0,349.5
229,333,3,0.6161410808563232,970,337,1221,430,1095.5,383.5
229,31,5,0.5579918026924133,840,415,1261,719,1050.5,567.0
229,434,3,0.8195772171020508,755,325,927,389,841.0,357.0
229,546,3,0.477464497089386,17,342,277,461,147.0,401.5
229,427,8,0.6464948654174805,862,296,1063,365,962.5,330.5
230,355,3,0.8398888111114502,296,334,459,388,377.5,361.0
230,564,3,0.718342125415802,157,324,270,372,213.5,348.0
230,31,5,0.689991295337677,850,431,1253,718,1051.5,574.5
230,434,3,0.7965248823165894,784,330,946,389,865.0,359.5
230,546,3,0.5692520141601562,51,349,302,464,176.5,406.5
230,503,3,0.6527906656265259,728,323,814,354,771.0,338.5
231,355,3,0.850367546081543,301,333,468,389,384.5,361.0
231,564,3,0.7486249804496765,165,324,278,372,221.5,348.0
231,31,5,0.723398745059967,854,441,1248,718,1051.0,579.5
231,434,3,0.7955338954925537,799,330,966,390,882.5,360.0
231,546,3,0.6984083652496338,51,347,313,464,182.0,405.5
231,503,3,0.5882443785667419,724,322,810,354,767.0,338.0
231,630,3,0.4474577307701111,50,332,147,392,98.5,362.0
231,427,8,0.6337069272994995,870,298,1075,369,972.5,333.5
232,355,3,0.8109361529350281,315,333,472,387,393.5,360.0
232,564,3,0.7404125928878784,174,324,286,370,230.0,347.0
232,31,5,0.8147778511047363,827,398,1277,718,1052.0,558.0
232,434,3,0.8048679232597351,820,328,996,391,908.0,359.5
232,546,3,0.6946883201599121,83,352,344,468,213.5,410.0
232,503,3,0.7316510677337646,714,320,804,354,759.0,337.0
232,630,3,0.6453188061714172,62,331,157,387,109.5,359.0
232,427,8,0.3413254916667938,871,299,1071,368,971.0,333.5
233,355,3,0.827035129070282,319,333,479,388,399.0,360.5
233,564,3,0.715924859046936,179,324,291,370,235.0,347.0
233,31,5,0.7523473501205444,819,385,1280,718,1049.5,551.5
233,434,3,0.8194743990898132,835,328,1014,391,924.5,359.5
233,546,3,0.674046516418457,108,357,367,470,237.5,413.5
233,503,3,0.6806952357292175,705,319,796,354,750.5,336.5
233,630,3,0.5070362091064453,68,331,161,383,114.5,357.0
233,642,3,0.4733382761478424,435,322,504,358,469.5,340.0
234,355,3,0.7264621257781982,328,334,492,390,410.0,362.0
234,564,3,0.719092845916748,190,324,303,370,246.5,347.0
234,31,5,0.8191874623298645,816,378,1280,718,1048.0,548.0
234,434,3,0.6708260774612427,858,326,1044,391,951.0,358.5
234,546,3,0.6354060769081116,119,359,389,475,254.0,417.0
234,503,3,0.6860225796699524,691,318,783,354,737.0,336.0
234,630,3,0.6447136998176575,71,331,171,385,121.0,358.0
234,642,3,0.46340349316596985,435,323,500,357,467.5,340.0
234,427,8,0.3281376361846924,872,297,1079,368,975.5,332.5
235,355,3,0.6456498503684998,342,334,498,388,420.0,361.0
235,564,3,0.608660876750946,199,324,307,367,253.0,345.5
235,31,5,0.8068549633026123,819,382,1280,718,1049.5,550.0
235,434,3,0.6048587560653687,873,324,1066,392,969.5,358.0
235,546,3,0.5801615715026855,120,359,403,479,261.5,419.0
235,503,3,0.6979471445083618,684,319,774,354,729.0,336.5
235,630,3,0.658753514289856,77,331,184,386,130.5,358.5
235,642,3,0.4654667377471924,434,324,496,356,465.0,340.0
235,646,3,0.6020693182945251,1134,319,1219,348,1176.5,333.5
235,427,8,0.3349311649799347,874,298,1086,370,980.0,334.0
236,355,3,0.6698830127716064,352,334,512,388,432.0,361.0
236,564,3,0.7309396862983704,209,323,318,367,263.5,345.0
236,31,5,0.7917826771736145,816,375,1280,718,1048.0,546.5
236,434,3,0.6544950604438782,897,325,1094,393,995.5,359.0
236,546,3,0.5868116617202759,122,363,410,486,266.0,424.5
236,503,3,0.7178748846054077,677,319,765,354,721.0,336.5
236,646,3,0.6340668201446533,1135,320,1216,348,1175.5,334.0
236,427,8,0.6174148321151733,864,296,1114,382,989.0,339.0
236,540,3,0.5663841366767883,29,329,263,398,146.0,363.5
237,355,3,0.6386786103248596,360,330,525,387,442.5,358.5
237,564,3,0.6603779196739197,217,323,327,367,272.0,345.0
237,31,5,0.812308132648468,815,369,1280,719,1047.5,544.0
237,434,3,0.6209511756896973,909,325,1110,392,1009.5,358.5
237,546,3,0.4591499865055084,133,361,420,485,276.5,423.0
237,503,3,0.7173957824707031,670,319,758,354,714.0,336.5
237,646,3,0.6249651908874512,1133,319,1219,348,1176.0,333.5
237,427,8,0.6199463605880737,864,295,1129,387,996.5,341.0
237,658,9,0.3233705163002014,1,420,85,544,43.0,482.0
237,540,3,0.5164054036140442,48,329,260,395,154.0,362.0
238,355,3,0.6947720050811768,372,327,546,387,459.0,357.0
238,564,3,0.6599408388137817,227,323,334,365,280.5,344.0
238,31,5,0.824812114238739,817,372,1280,719,1048.5,545.5
238,434,3,0.6254012584686279,948,326,1151,395,1049.5,360.5
238,546,3,0.4481103718280792,131,360,422,485,276.5,422.5
238,503,3,0.47949138283729553,660,320,745,354,702.5,337.0
238,646,3,0.41072139143943787,1123,314,1222,347,1172.5,330.5
238,427,8,0.6976406574249268,877,294,1147,388,1012.0,341.0
238,658,9,0.349915087223053,1,421,85,545,43.0,483.0
238,540,3,0.612196683883667,72,329,271,395,171.5,362.0
239,355,3,0.7084559202194214,382,327,555,387,468.5,357.0
239,564,3,0.6814560294151306,229,324,346,369,287.5,346.5
239,31,5,0.8252639770507812,826,386,1278,719,1052.0,552.5
239,434,3,0.5906364917755127,970,327,1174,395,1072.0,361.0
239,546,3,0.5064705610275269,155,363,466,497,310.5,430.0
239,503,3,0.4151100218296051,656,320,739,354,697.5,337.0
239,646,3,0.44136375188827515,1122,317,1213,348,1167.5,332.5
239,427,8,0.5737758874893188,883,293,1135,382,1009.0,337.5
239,658,9,0.3497008979320526,2,424,85,545,43.5,484.5
239,540,3,0.4998977482318878,79,329,279,398,179.0,363.5
239,667,1,0.3259587287902832,0,416,77,538,38.5,477.0
240,355,3,0.7835962772369385,403,329,569,387,486.0,358.0
240,564,3,0.6484787464141846,238,323,358,369,298.0,346.0
240,31,5,0.7802427411079407,836,403,1268,720,1052.0,561.5
240,434,3,0.46533122658729553,1002,329,1203,394,1102.5,361.5
240,546,3,0.5602827072143555,186,365,494,497,340.0,431.0
240,503,3,0.6836243271827698,648,320,729,353,688.5,336.5
240,427,8,0.39346376061439514,884,292,1133,380,1008.5,336.0
240,658,9,0.3365401327610016,3,428,83,545,43.0,486.5
240,540,3,0.5500468611717224,91,330,287,397,189.0,363.5
240,667,1,0.3371078670024872,0,416,76,536,38.0,476.0
240,674,3,0.3530466854572296,721,469,835,594,778.0,531.5
241,355,3,0.7650347948074341,410,329,577,387,493.5,358.0
241,564,3,0.6142285466194153,246,323,365,368,305.5,345.5
241,31,5,0.8599622845649719,830,395,1273,720,1051.5,557.5
241,434,3,0.39185377955436707,1025,331,1228,396,1126.5,363.5
241,546,3,0.3832814395427704,209,372,520,503,364.5,437.5
241,503,3,0.6500289440155029,644,320,724,353,684.0,336.5
241,427,8,0.3883455991744995,906,292,1175,387,1040.5,339.5
241,658,9,0.35336774587631226,5,433,82,545,43.5,489.0
241,540,3,0.49662309885025024,106,330,298,397,202.0,363.5
241,667,1,0.3618689179420471,0,415,75,536,37.5,475.5
241,675,3,0.6018552780151367,375,323,457,356,416.0,339.5
241,679,0,0.32267647981643677,608,432,657,519,632.5,475.5
242,355,3,0.7588971853256226,421,328,595,389,508.0,358.5
242,564,3,0.6166071891784668,239,323,374,374,306.5,348.5
242,31,5,0.6820985674858093,841,415,1260,719,1050.5,567.0
242,434,3,0.5464330315589905,1053,329,1261,394,1157.0,361.5
242,546,3,0.6477207541465759,229,372,528,497,378.5,434.5
242,503,3,0.5112476348876953,635,321,709,351,672.0,336.0
242,658,9,0.3521692454814911,7,439,81,545,44.0,492.0
242,540,3,0.6490713357925415,108,329,308,399,208.0,364.0
242,667,1,0.35718491673469543,0,415,73,536,36.5,475.5
242,675,3,0.4936136305332184,364,323,455,359,409.5,341.0
242,679,0,0.2887245714664459,607,431,656,520,631.5,475.5
242,683,1,0.35795843601226807,0,410,17,523,8.5,466.5
242,549,3,0.6214166283607483,946,321,1094,376,1020.0,348.5
243,355,3,0.7160654664039612,431,328,606,390,518.5,359.0
243,564,3,0.539101243019104,255,322,378,369,316.5,345.5
243,31,5,0.7322598695755005,837,409,1266,719,1051.5,564.0
243,434,3,0.5026755332946777,1068,328,1276,394,1172.0,361.0
243,546,3,0.38340070843696594,246,371,540,495,393.0,433.0
243,658,9,0.35749778151512146,7,441,81,545,44.0,493.0
243,540,3,0.5902568697929382,110,329,311,399,210.5,364.0
243,667,1,0.34547823667526245,0,414,73,536,36.5,475.0
243,675,3,0.46097037196159363,361,322,447,357,404.0,339.5
243,679,0,0.33083656430244446,607,431,656,520,631.5,475.5
243,683,1,0.34854140877723694,0,410,18,522,9.0,466.0
243,549,3,0.617247462272644,947,320,1095,376,1021.0,348.0
244,355,3,0.7472270727157593,443,328,617,390,530.0,359.0
244,564,3,0.5237686038017273,266,323,398,374,332.0,348.5
244,31,5,0.6811205148696899,843,422,1259,719,1051.0,570.5
244,434,3,0.5399041771888733,1079,327,1280,401,1179.5,364.0
244,546,3,0.4944891631603241,252,367,495,471,373.5,419.0
244,658,9,0.3629065752029419,5,437,82,545,43.5,491.0
244,540,3,0.5763915777206421,110,329,311,399,210.5,364.0
244,667,1,0.3196682631969452,0,412,71,533,35.5,472.5
244,679,0,0.29081976413726807,606,430,656,521,631.0,475.5
244,683,1,0.3352271318435669,0,408,18,522,9.0,465.0
244,549,3,0.6731327176094055,964,320,1120,377,1042.0,348.5
245,355,3,0.7083934545516968,450,329,623,391,536.5,360.0
245,564,3,0.4046914577484131,271,323,418,380,344.5,351.5
245,31,5,0.7367900609970093,838,416,1264,720,1051.0,568.0
245,658,9,0.34515246748924255,2,427,86,546,44.0,486.5
245,540,3,0.5713801383972168,130,327,345,399,237.5,363.0
245,667,1,0.29683277010917664,0,410,71,532,35.5,471.0
245,679,0,0.31198933720588684,606,430,656,522,631.0,476.0
245,683,1,0.30925223231315613,0,407,18,522,9.0,464.5
245,549,3,0.6204597353935242,983,320,1142,378,1062.5,349.0
246,355,3,0.37320074439048767,471,330,625,385,548.0,357.5
246,564,3,0.33887767791748047,284,323,454,390,369.0,356.5
246,31,5,0.6668307781219482,842,423,1260,720,1051.0,571.5
246,658,9,0.3311382234096527,2,430,85,545,43.5,487.5
246,540,3,0.7131655812263489,137,328,352,400,244.5,364.0
246,667,1,0.28344693779945374,0,410,71,532,35.5,471.0
246,679,0,0.3507787883281708,607,431,657,521,632.0,476.0
246,683,1,0.28757959604263306,0,408,18,521,9.0,464.5
246,549,3,0.460134357213974,1002,321,1164,379,1083.0,350.0
247,564,3,0.3229053318500519,286,323,467,394,376.5,358.5
247,31,5,0.5757593512535095,855,445,1247,719,1051.0,582.0
247,658,9,0.32146528363227844,0,422,87,545,43.5,483.5
247,540,3,0.705880880355835,144,329,361,400,252.5,364.5
247,667,1,0.2631760537624359,0,412,72,534,36.0,473.0
247,679,0,0.3666878640651703,608,431,657,521,632.5,476.0
247,683,0,0.26338618993759155,0,408,18,521,9.0,464.5
247,549,3,0.5559262037277222,1018,322,1181,380,1099.5,351.0
247,696,0,0.32896125316619873,578,431,621,517,599.5,474.0
247,630,3,0.39863571524620056,150,331,260,385,205.0,358.0
247,427,8,0.40064916014671326,905,293,1139,374,1022.0,333.5
247,434,3,0.6070111393928528,1144,332,1280,396,1212.0,364.0
248,31,5,0.5564804077148438,843,430,1260,719,1051.5,574.5
248,658,9,0.32041415572166443,0,413,90,545,45.0,479.0
248,540,3,0.6532992720603943,162,328,386,400,274.0,364.0
248,679,0,0.37870341539382935,608,431,657,521,632.5,476.0
248,549,3,0.7151517271995544,1029,321,1194,380,1111.5,350.5
248,696,0,0.28684768080711365,578,431,622,518,600.0,474.5
248,630,3,0.292397141456604,153,331,261,382,207.0,356.5
248,427,8,0.32871323823928833,910,290,1149,370,1029.5,330.0
249,31,5,0.6647627353668213,836,421,1267,719,1051.5,570.0
249,658,9,0.34207627177238464,0,408,92,545,46.0,476.5
249,540,3,0.791929304599762,161,329,387,401,274.0,365.0
249,679,0,0.3287084698677063,607,431,657,523,632.0,477.0
249,549,3,0.7787612080574036,1041,320,1211,380,1126.0,350.0
249,696,0,0.29990532994270325,577,430,622,522,599.5,476.0
249,427,8,0.36257317662239075,922,288,1172,372,1047.0,330.0
249,702,3,0.5675609707832336,871,318,928,352,899.5,335.0
249,564,3,0.5414505004882812,303,323,475,391,389.0,357.0
249,667,1,0.2609356939792633,0,409,71,533,35.5,471.0
250,31,5,0.6241140961647034,831,413,1272,719,1051.5,566.0
250,658,9,0.3573949337005615,0,408,91,545,45.5,476.5
250,540,3,0.7109776139259338,169,329,397,400,283.0,364.5
250,679,0,0.29726549983024597,607,431,657,524,632.0,477.5
250,549,3,0.521084725856781,1062,320,1236,381,1149.0,350.5
250,696,0,0.28229203820228577,576,430,623,523,599.5,476.5
250,702,3,0.755611777305603,864,315,927,353,895.5,334.0
250,564,3,0.4195721447467804,308,322,481,392,394.5,357.0
250,667,1,0.27722564339637756,0,408,71,532,35.5,470.0
250,355,3,0.43550923466682434,547,326,681,375,614.0,350.5
250,630,3,0.6254316568374634,173,330,282,380,227.5,355.0
251,31,5,0.7148666381835938,829,411,1273,720,1051.0,565.5
251,658,9,0.344315767288208,0,406,92,545,46.0,475.5
251,540,3,0.5920809507369995,172,329,405,402,288.5,365.5
251,679,0,0.2933080196380615,606,430,658,525,632.0,477.5
251,549,3,0.7742418050765991,1078,320,1257,382,1167.5,351.0
251,696,0,0.2732630968093872,575,429,623,527,599.0,478.0
251,702,3,0.7190186381340027,859,313,926,353,892.5,333.0
251,564,3,0.3716866970062256,308,321,482,391,395.0,356.0
251,667,1,0.2528754472732544,0,408,70,532,35.0,470.0
251,355,3,0.5202178359031677,550,325,725,390,637.5,357.5
251,630,3,0.5571115016937256,179,330,294,381,236.5,355.5
251,427,8,0.7166852951049805,927,290,1159,369,1043.0,329.5
252,31,5,0.6678234338760376,829,412,1272,720,1050.5,566.0
252,658,9,0.3524630665779114,0,407,91,545,45.5,476.0
252,540,3,0.7356768846511841,188,327,424,400,306.0,363.5
252,679,0,0.27277493476867676,605,430,658,527,631.5,478.5
252,549,3,0.6945613026618958,1088,318,1273,382,1180.5,350.0
252,702,3,0.7017850875854492,852,314,920,353,886.0,333.5
252,564,3,0.41530025005340576,336,321,486,381,411.0,351.0
252,667,1,0.26115259528160095,0,408,69,532,34.5,470.0
252,355,3,0.5128882527351379,548,326,741,397,644.5,361.5
252,630,3,0.6128435730934143,183,330,302,382,242.5,356.0
252,427,8,0.7441650032997131,933,293,1155,369,1044.0,331.0
253,31,5,0.6854252219200134,828,411,1272,720,1050.0,565.5
253,658,9,0.35347428917884827,0,411,89,544,44.5,477.5
253,540,3,0.7159615159034729,195,326,436,400,315.5,363.0
253,679,0,0.2657540738582611,606,430,658,527,632.0,478.5
253,549,3,0.7006300091743469,1095,317,1280,383,1187.5,350.0
253,702,3,0.7714380621910095,844,313,914,353,879.0,333.0
253,564,3,0.47405868768692017,353,319,487,373,420.0,346.0
253,667,1,0.2566085457801819,0,408,69,532,34.5,470.0
253,355,3,0.4369450807571411,571,329,759,400,665.0,364.5
253,630,3,0.4671558439731598,188,330,312,383,250.0,356.5
253,427,8,0.7793984413146973,933,293,1152,369,1042.5,331.0
253,683,1,0.2649845778942108,2,405,19,510,10.5,457.5
254,31,5,0.7129470705986023,825,407,1274,720,1049.5,563.5
254,540,3,0.7457513809204102,197,325,448,402,322.5,363.5
254,549,3,0.710902750492096,1108,317,1280,383,1194.0,350.0
254,702,3,0.7557275295257568,832,313,904,353,868.0,333.0
254,564,3,0.7012045979499817,367,317,502,371,434.5,344.0
254,355,3,0.7124918699264526,604,329,785,398,694.5,363.5
254,427,8,0.5628758668899536,935,294,1154,369,1044.5,331.5
254,683,1,0.2812586724758148,1,403,19,511,10.0,457.0
255,31,5,0.7319124341011047,822,400,1278,720,1050.0,560.0
255,540,3,0.7114657163619995,200,325,448,401,324.0,363.0
255,549,3,0.7572837471961975,1122,318,1280,382,1201.0,350.0
255,702,3,0.8018738627433777,824,313,897,353,860.5,333.0
255,564,3,0.6803566217422485,377,318,512,373,444.5,345.5
255,355,3,0.7201797962188721,621,328,803,397,712.0,362.5
255,427,8,0.6912912130355835,935,294,1150,368,1042.5,331.0
255,683,1,0.2604217827320099,1,404,19,514,10.0,459.0
255,719,4,0.4931933283805847,934,294,1150,367,1042.0,330.5
255,667,1,0.27695170044898987,0,408,68,533,34.0,470.5
255,630,3,0.482634574174881,208,329,338,384,273.0,356.5
256,31,5,0.7152912020683289,825,405,1274,720,1049.5,562.5
256,540,3,0.743191123008728,208,326,464,405,336.0,365.5
256,549,3,0.6872484087944031,1135,319,1280,382,1207.5,350.5
256,702,3,0.7570930123329163,812,313,886,353,849.0,333.0
256,564,3,0.5785695910453796,387,318,525,374,456.0,346.0
256,355,3,0.7322337031364441,636,328,822,399,729.0,363.5
256,427,8,0.5278722643852234,937,294,1151,368,1044.0,331.0
256,719,4,0.6165557503700256,935,293,1152,367,1043.5,330.0
256,667,1,0.32294249534606934,0,407,69,536,34.5,471.5
256,630,3,0.4665142893791199,221,329,360,386,290.5,357.5
257,31,5,0.7254356741905212,826,406,1274,720,1050.0,563.0
257,540,3,0.5897579193115234,226,325,484,404,355.0,364.5
257,549,3,0.6615636348724365,1145,319,1280,382,1212.5,350.5
257,702,3,0.7641662359237671,804,315,878,353,841.0,334.0
257,564,3,0.5594197511672974,396,319,535,375,465.5,347.0
257,355,3,0.699702262878418,653,329,837,399,745.0,364.0
257,427,8,0.6000171303749084,945,296,1155,368,1050.0,332.0
257,719,4,0.426249623298645,943,295,1157,367,1050.0,331.0
257,630,3,0.6943506002426147,214,328,371,394,292.5,361.0
258,31,5,0.6130514144897461,829,409,1271,719,1050.0,564.0
258,540,3,0.2561672627925873,246,326,506,405,376.0,365.5
258,549,3,0.7012215852737427,1160,320,1280,380,1220.0,350.0
258,702,3,0.6756442189216614,793,315,867,352,830.0,333.5
258,564,3,0.4572584927082062,411,319,547,375,479.0,347.0
258,355,3,0.6079052686691284,677,330,860,400,768.5,365.0
258,427,8,0.8360205292701721,952,296,1161,368,1056.5,332.0
258,630,3,0.7090697288513184,225,328,390,398,307.5,363.0
259,31,5,0.7039769291877747,823,399,1278,719,1050.5,559.0
259,540,3,0.4714559018611908,249,328,511,407,380.0,367.5
259,549,3,0.6694647073745728,1184,332,1280,380,1232.0,356.0
259,702,3,0.4418456256389618,780,315,859,354,819.5,334.5
259,564,3,0.47417160868644714,431,319,560,372,495.5,345.5
259,355,3,0.5706729888916016,687,329,877,402,782.0,365.5
259,427,8,0.8440461754798889,954,296,1164,368,1059.0,332.0
259,630,3,0.6923964619636536,243,329,399,394,321.0,361.5
259,734,0,0.3089371919631958,974,464,1019,566,996.5,515.0
259,735,3,0.4095461666584015,380,337,523,408,451.5,372.5
259,658,3,0.5272200107574463,0,413,87,543,43.5,478.0
260,31,5,0.7703492641448975,815,383,1280,719,1047.5,551.0
260,549,3,0.6231789588928223,1199,334,1280,380,1239.5,357.0
260,702,3,0.3052160143852234,763,316,841,353,802.0,334.5
260,564,3,0.5919561386108398,445,319,573,371,509.0,345.0
260,355,3,0.5472939610481262,709,330,903,404,806.0,367.0
260,427,8,0.8528475165367126,951,294,1165,368,1058.0,331.0
260,630,3,0.7272640466690063,248,329,390,388,319.0,358.5
260,734,0,0.2554151117801666,973,464,1019,567,996.0,515.5
260,735,3,0.4847716689109802,371,331,527,409,449.0,370.0
260,658,3,0.680850625038147,2,430,83,547,42.5,488.5
261,31,5,0.8108730912208557,812,377,1280,719,1046.0,548.0
261,549,3,0.501366138458252,1208,333,1280,379,1244.0,356.0
261,564,3,0.5448366403579712,453,319,583,372,518.0,345.5
261,355,3,0.5326246023178101,725,332,920,406,822.5,369.0
261,427,8,0.7927177548408508,947,293,1164,368,1055.5,330.5
261,630,3,0.7506083250045776,254,329,390,385,322.0,357.0
261,734,0,0.286531537771225,972,463,1019,570,995.5,516.5
261,735,3,0.5980389714241028,371,329,525,405,448.0,367.0
261,658,3,0.6458370089530945,0,437,87,567,43.5,502.0
261,739,3,0.4338441789150238,1,333,25,375,13.0,354.0
261,740,3,0.38636747002601624,734,334,870,376,802.0,355.0
261,741,0,0.388803631067276,362,375,402,484,382.0,429.5
262,31,5,0.887072741985321,815,380,1280,719,1047.5,549.5
262,564,3,0.5347475409507751,444,323,592,384,518.0,353.5
262,355,3,0.6147651076316833,744,330,945,406,844.5,368.0
262,427,8,0.8536661863327026,945,292,1165,368,1055.0,330.0
262,630,3,0.7591701149940491,273,329,408,384,340.5,356.5
262,658,3,0.4774022102355957,0,416,106,593,53.0,504.5
262,739,3,0.5696950554847717,4,333,29,379,16.5,356.0
262,741,0,0.3171546161174774,362,378,401,485,381.5,431.5
262,742,3,0.5389033555984497,1219,327,1275,357,1247.0,342.0
262,702,3,0.29078277945518494,755,319,829,353,792.0,336.0
263,31,5,0.854701817035675,812,373,1280,719,1046.0,546.0
263,564,3,0.4548502266407013,457,321,599,380,528.0,350.5
263,355,3,0.4737931489944458,752,330,959,406,855.5,368.0
263,427,8,0.7238961458206177,943,290,1167,368,1055.0,329.0
263,630,3,0.7683169841766357,283,328,416,382,349.5,355.0
263,658,3,0.4477434456348419,0,407,114,600,57.0,503.5
263,739,3,0.621161699295044,8,332,32,374,20.0,353.0
263,741,0,0.27076634764671326,361,378,401,486,381.0,432.0
263,742,3,0.3301262855529785,1209,325,1269,358,1239.0,341.5
263,735,3,0.5859769582748413,415,324,573,401,494.0,362.5
264,31,5,0.7592601180076599,816,378,1280,719,1048.0,548.5
264,355,3,0.6555733680725098,779,330,989,407,884.0,368.5
264,427,8,0.5401526689529419,943,290,1168,368,1055.5,329.0
264,630,3,0.787092387676239,290,328,422,381,356.0,354.5
264,658,3,0.6222149729728699,0,404,124,616,62.0,510.0
264,739,3,0.6902162432670593,10,328,36,370,23.0,349.0
264,742,3,0.6538155674934387,1196,318,1272,359,1234.0,338.5
264,747,3,0.5756902694702148,655,363,949,454,802.0,408.5
264,749,4,0.42217156291007996,944,291,1165,367,1054.5,329.0
264,735,3,0.6625003218650818,425,323,591,404,508.0,363.5
264,702,3,0.6564120650291443,728,315,813,354,770.5,334.5
265,31,5,0.5950250029563904,845,425,1257,719,1051.0,572.0
265,355,3,0.6701343059539795,801,333,1009,409,905.0,371.0
265,427,8,0.41524219512939453,944,291,1167,368,1055.5,329.5
265,630,3,0.7893697619438171,298,329,430,382,364.0,355.5
265,658,3,0.6927682161331177,0,402,125,614,62.5,508.0
265,739,3,0.5492985248565674,12,328,41,373,26.5,350.5
265,742,3,0.7034119963645935,1190,318,1269,361,1229.5,339.5
265,747,3,0.29605525732040405,644,364,963,464,803.5,414.0
265,749,4,0.3352356255054474,943,291,1164,367,1053.5,329.0
265,735,3,0.6794159412384033,428,322,599,405,513.5,363.5
265,702,3,0.7172107696533203,725,315,806,352,765.5,333.5
266,31,5,0.647766649723053,830,406,1269,719,1049.5,562.5
266,355,3,0.5991455316543579,831,333,1038,410,934.5,371.5
266,427,8,0.29459524154663086,946,291,1168,368,1057.0,329.5
266,630,3,0.7943411469459534,309,328,444,383,376.5,355.5
266,658,3,0.30867937207221985,0,403,138,634,69.0,518.5
266,739,3,0.6487773656845093,13,327,49,382,31.0,354.5
266,742,3,0.620078980922699,1183,319,1264,362,1223.5,340.5
266,735,3,0.6465513706207275,430,322,610,409,520.0,365.5
266,702,3,0.43997853994369507,723,315,799,350,761.0,332.5
267,31,5,0.7964508533477783,823,396,1275,719,1049.0,557.5
267,355,3,0.5571807026863098,852,333,1062,410,957.0,371.5
267,427,8,0.39979633688926697,942,290,1168,369,1055.0,329.5
267,630,3,0.7984189391136169,318,328,453,382,385.5,355.0
267,739,3,0.4372733533382416,16,328,55,385,35.5,356.5
267,742,3,0.6366192102432251,1175,318,1263,363,1219.0,340.5
267,735,3,0.690814197063446,452,322,632,409,542.0,365.5
267,702,3,0.2968793511390686,722,315,794,349,758.0,332.0
268,31,5,0.7687294483184814,828,402,1273,719,1050.5,560.5
268,427,8,0.5486094951629639,940,290,1179,374,1059.5,332.0
268,630,3,0.8359231948852539,337,328,478,385,407.5,356.5
268,742,3,0.598439633846283,1173,322,1259,364,1216.0,343.0
268,735,3,0.6468855738639832,479,326,657,411,568.0,368.5
268,702,3,0.2639927864074707,709,315,780,349,744.5,332.0
268,674,3,0.41775691509246826,719,471,831,593,775.0,532.0
268,658,3,0.5165033340454102,6,407,149,631,77.5,519.0
269,31,5,0.7977849245071411,820,387,1280,718,1050.0,552.5
269,427,8,0.6633201241493225,942,291,1171,371,1056.5,331.0
269,630,3,0.8482019901275635,346,328,490,385,418.0,356.5
269,742,3,0.6083223223686218,1170,323,1252,362,1211.0,342.5
269,735,3,0.5345667004585266,489,328,676,415,582.5,371.5
269,702,3,0.26609721779823303,696,315,769,349,732.5,332.0
269,674,3,0.40744346380233765,719,470,831,592,775.0,531.0
269,658,3,0.3635561764240265,9,402,162,637,85.5,519.5
270,31,5,0.8166456818580627,813,375,1280,719,1046.5,547.0
270,427,8,0.33959126472473145,938,291,1170,373,1054.0,332.0
270,630,3,0.720762312412262,358,326,506,386,432.0,356.0
270,742,3,0.5184609293937683,1162,320,1247,360,1204.5,340.0
270,735,3,0.6874630451202393,503,325,693,413,598.0,369.0
270,702,3,0.47263213992118835,680,315,758,352,719.0,333.5
270,696,0,0.29918017983436584,566,423,626,550,596.0,486.5
270,679,0,0.2521214187145233,604,430,659,533,631.5,481.5
271,31,5,0.7722434401512146,814,374,1280,719,1047.0,546.5
271,427,8,0.35056227445602417,942,291,1171,371,1056.5,331.0
271,630,3,0.666043221950531,364,325,517,386,440.5,355.5
271,735,3,0.6363734006881714,518,326,703,411,610.5,368.5
271,702,3,0.5569818019866943,673,315,749,350,711.0,332.5
271,766,3,0.5386258363723755,2,374,72,448,37.0,411.0
272,31,5,0.7864287495613098,820,384,1280,719,1050.0,551.5
272,427,8,0.4997982680797577,948,291,1191,377,1069.5,334.0
272,630,3,0.6846656799316406,377,323,537,387,457.0,355.0
272,735,3,0.7066595554351807,541,326,728,412,634.5,369.0
272,702,3,0.5487658381462097,656,314,743,355,699.5,334.5
272,766,3,0.2956823408603668,2,370,83,454,42.5,412.0
272,739,3,0.47461143136024475,21,328,59,376,40.0,352.0
272,674,3,0.2505965530872345,721,469,834,593,777.5,531.0
272,658,3,0.5512894988059998,30,486,173,692,101.5,589.0
273,31,5,0.8282390236854553,815,376,1280,719,1047.5,547.5
273,630,3,0.588559627532959,386,324,552,391,469.0,357.5
273,735,3,0.6423150897026062,552,327,742,413,647.0,370.0
273,702,3,0.44417691230773926,658,314,741,353,699.5,333.5
273,766,3,0.2973862290382385,7,372,87,454,47.0,413.0
274,31,5,0.8151617646217346,814,373,1280,720,1047.0,546.5
274,630,3,0.7933127284049988,407,326,564,389,485.5,357.5
274,735,3,0.6669005155563354,575,327,772,416,673.5,371.5
275,31,5,0.7690628170967102,848,427,1254,719,1051.0,573.0
275,630,3,0.7778659462928772,422,326,574,387,498.0,356.5
275,735,3,0.5297974944114685,594,327,792,416,693.0,371.5
275,785,3,0.5788148641586304,381,317,453,350,417.0,333.5
275,787,3,0.4676133096218109,0,341,74,405,37.0,373.0
275,427,8,0.273445725440979,965,290,1181,364,1073.0,327.0
275,674,3,0.26381734013557434,720,469,833,593,776.5,531.0
276,31,5,0.7110286355018616,823,389,1280,719,1051.5,554.0
276,630,3,0.7761099934577942,430,326,586,387,508.0,356.5
276,735,3,0.6868555545806885,616,327,819,417,717.5,372.0
276,785,3,0.538001537322998,372,317,442,349,407.0,333.0
276,787,3,0.6482758522033691,0,339,76,406,38.0,372.5
276,427,8,0.576660692691803,957,288,1184,366,1070.5,327.0
276,658,3,0.4940064549446106,73,527,222,720,147.5,623.5
277,31,5,0.7727514505386353,813,371,1280,719,1046.5,545.0
277,630,3,0.791505753993988,434,325,595,388,514.5,356.5
277,735,3,0.678632378578186,622,327,834,420,728.0,373.5
277,785,3,0.5621582269668579,368,317,435,348,401.5,332.5
277,787,3,0.6264944672584534,2,337,74,400,38.0,368.5
277,427,8,0.6886455416679382,952,287,1181,366,1066.5,326.5
277,658,3,0.6300832033157349,83,534,241,720,162.0,627.0
278,31,5,0.8299593925476074,814,370,1280,719,1047.0,544.5
278,630,3,0.7615270614624023,437,326,598,388,517.5,357.0
278,735,3,0.6970547437667847,645,328,858,420,751.5,374.0
278,785,3,0.6320490837097168,359,318,422,347,390.5,332.5
278,787,3,0.6647039651870728,4,338,73,397,38.5,367.5
278,427,8,0.7569009065628052,952,287,1183,368,1067.5,327.5
278,658,3,0.5974177718162537,96,548,260,720,178.0,634.0
278,801,3,0.41457104682922363,3,291,37,335,20.0,313.0
279,31,5,0.8496696352958679,812,367,1280,720,1046.0,543.5
279,630,3,0.7332351207733154,449,327,607,388,528.0,357.5
279,735,3,0.7509146928787231,660,328,881,423,770.5,375.5
279,785,3,0.60199373960495,351,318,417,348,384.0,333.0
279,787,3,0.3851095139980316,6,332,88,402,47.0,367.0
279,427,8,0.7821955680847168,948,287,1179,368,1063.5,327.5
279,658,3,0.4443172812461853,96,559,270,720,183.0,639.5
279,801,3,0.4731406271457672,3,290,40,339,21.5,314.5
280,31,5,0.825386106967926,809,361,1280,720,1044.5,540.5
280,630,3,0.7408891916275024,476,328,636,390,556.0,359.0
280,735,3,0.7477026581764221,684,327,914,425,799.0,376.0
280,785,3,0.5785583853721619,345,319,408,347,376.5,333.0
280,787,3,0.32858729362487793,0,333,88,408,44.0,370.5
280,427,8,0.7799184918403625,946,287,1173,367,1059.5,327.0
280,801,3,0.4546029269695282,3,289,47,346,25.0,317.5
281,31,5,0.8538612723350525,806,354,1280,720,1043.0,537.0
281,630,3,0.8184566497802734,491,329,656,392,573.5,360.5
281,735,3,0.6739479899406433,705,326,935,423,820.0,374.5
281,785,3,0.656513512134552,339,319,401,347,370.0,333.0
281,787,3,0.31328085064888,1,333,81,402,41.0,367.5
281,427,8,0.7658754587173462,945,287,1171,367,1058.0,327.0
281,801,3,0.4426499009132385,5,290,49,345,27.0,317.5
281,810,5,0.48222529888153076,0,564,414,720,207.0,642.0
281,667,1,0.2577882409095764,0,410,67,537,33.5,473.5
282,31,5,0.8226541876792908,810,358,1280,720,1045.0,539.0
282,630,3,0.7759049534797668,509,328,678,392,593.5,360.0
282,735,3,0.5905216336250305,734,328,964,424,849.0,376.0
282,785,3,0.6710582971572876,332,318,393,346,362.5,332.0
282,427,8,0.7540684938430786,947,287,1170,367,1058.5,327.0
282,810,3,0.6532022953033447,135,603,448,720,291.5,661.5
282,667,1,0.3035019338130951,0,410,66,537,33.0,473.5
283,31,5,0.8168843388557434,814,361,1280,720,1047.0,540.5
283,630,3,0.7862714529037476,521,327,694,392,607.5,359.5
283,735,3,0.6046629548072815,752,329,987,425,869.5,377.0
283,785,3,0.6560376882553101,329,319,388,345,358.5,332.0
283,427,8,0.7175807952880859,948,287,1169,367,1058.5,327.0
283,810,3,0.3626849949359894,229,632,466,719,347.5,675.5
283,667,1,0.3097148537635803,0,410,65,537,32.5,473.5
284,31,5,0.7718149423599243,828,384,1274,720,1051.0,552.0
284,630,3,0.7688490748405457,540,326,714,392,627.0,359.0
284,735,3,0.5935947895050049,775,329,1017,426,896.0,377.5
284,785,3,0.7049662470817566,320,318,382,345,351.0,331.5
284,427,8,0.5871949791908264,948,288,1166,367,1057.0,327.5
284,667,1,0.28000688552856445,0,409,64,538,32.0,473.5
284,741,0,0.3187464475631714,363,385,401,488,382.0,436.5
284,787,3,0.438860148191452,3,333,77,395,40.0,364.0
285,31,5,0.7750967144966125,831,389,1272,720,1051.5,554.5
285,630,3,0.6933043003082275,552,327,730,395,641.0,361.0
285,735,3,0.6808417439460754,791,330,1042,431,916.5,380.5
285,785,3,0.6346627473831177,316,318,377,345,346.5,331.5
285,427,8,0.6346074342727661,949,288,1165,366,1057.0,327.0
285,667,1,0.3639920949935913,0,409,64,538,32.0,473.5
285,826,3,0.5126368403434753,1208,308,1275,358,1241.5,333.0
285,827,3,0.4786563813686371,771,319,872,364,821.5,341.5
285,787,3,0.2930426001548767,4,332,79,395,41.5,363.5
285,801,4,0.4189397394657135,13,289,61,348,37.0,318.5
286,31,5,0.7757971286773682,829,385,1274,720,1051.5,552.5
286,630,3,0.6333321332931519,571,327,749,394,660.0,360.5
286,735,3,0.6882356405258179,815,330,1067,430,941.0,380.0
286,785,3,0.49782949686050415,306,318,368,345,337.0,331.5
286,427,8,0.6499544978141785,948,287,1166,367,1057.0,327.0
286,667,1,0.3534674346446991,0,407,64,538,32.0,472.5
286,826,3,0.600476861000061,1204,307,1270,356,1237.0,331.5
286,827,3,0.450755774974823,788,318,897,367,842.5,342.5
286,832,3,0.5377624034881592,103,332,258,454,180.5,393.0
286,833,2,0.3237721025943756,0,426,86,541,43.0,483.5
286,801,4,0.6653907895088196,7,289,72,367,39.5,328.0
286,702,3,0.4484586715698242,547,312,633,352,590.0,332.0
287,31,5,0.7805724740028381,826,381,1277,720,1051.5,550.5
287,630,3,0.6200212240219116,585,328,761,394,673.0,361.0
287,735,3,0.5937530398368835,834,330,1083,429,958.5,379.5
287,785,3,0.549162745475769,299,318,361,345,330.0,331.5
287,427,8,0.6625031232833862,948,287,1168,367,1058.0,327.0
287,667,1,0.3872736096382141,0,407,64,538,32.0,472.5
287,826,3,0.6522020101547241,1198,306,1267,357,1232.5,331.5
287,827,3,0.2901243567466736,797,318,924,375,860.5,346.5
287,832,3,0.6065148115158081,104,329,269,459,186.5,394.0
287,833,2,0.31758251786231995,0,426,86,541,43.0,483.5
287,801,4,0.6372483968734741,5,289,76,374,40.5,331.5
287,702,3,0.4039846956729889,547,313,642,354,594.5,333.5
288,31,5,0.7028688192367554,824,374,1280,719,1052.0,546.5
288,630,3,0.7242446541786194,612,328,791,396,701.5,362.0
288,735,3,0.4739457368850708,866,331,1120,430,993.0,380.5
288,785,3,0.5595596432685852,289,318,353,346,321.0,332.0
288,427,8,0.5798981189727783,943,287,1167,368,1055.0,327.5
288,667,1,0.3677726089954376,0,407,65,538,32.5,472.5
288,826,3,0.36648356914520264,1192,305,1261,356,1226.5,330.5
288,827,3,0.34679940342903137,809,322,942,382,875.5,352.0
288,832,3,0.3462071716785431,107,328,278,462,192.5,395.0
288,833,2,0.277538001537323,0,425,86,540,43.0,482.5
288,801,4,0.481977641582489,4,289,78,377,41.0,333.0
288,702,3,0.3078896999359131,536,313,634,355,585.0,334.0
289,31,5,0.454598993062973,784,377,1248,719,1016.0,548.0
289,630,3,0.7551410794258118,627,328,808,397,717.5,362.5
289,735,3,0.6667755246162415,900,330,1156,428,1028.0,379.0
289,785,3,0.544187605381012,282,318,348,346,315.0,332.0
289,667,1,0.3481296896934509,0,407,65,538,32.5,472.5
289,826,3,0.42308858036994934,1186,303,1259,355,1222.5,329.0
289,827,3,0.5555449724197388,816,320,954,383,885.0,351.5
289,832,3,0.3271179795265198,111,328,283,461,197.0,394.5
289,833,2,0.3056260645389557,0,425,86,540,43.0,482.5
289,801,4,0.46789228916168213,3,289,79,379,41.0,334.0
289,842,3,0.49820420145988464,281,497,617,720,449.0,608.5
289,843,0,0.33855190873146057,0,407,24,533,12.0,470.0
290,31,5,0.7309460043907166,802,371,1271,719,1036.5,545.0
290,630,3,0.8118122816085815,642,328,824,398,733.0,363.0
290,735,3,0.6634417772293091,918,329,1163,422,1040.5,375.5
290,785,3,0.5973310470581055,279,318,343,345,311.0,331.5
290,667,1,0.3401053845882416,0,408,64,538,32.0,473.0
290,827,3,0.6157171726226807,847,320,986,384,916.5,352.0
290,832,3,0.4952482581138611,94,330,276,466,185.0,398.0
290,833,2,0.30141323804855347,0,424,86,541,43.0,482.5
290,842,3,0.8716732859611511,385,533,669,720,527.0,626.5
290,843,0,0.33600541949272156,0,408,25,534,12.5,471.0
290,679,0,0.29500654339790344,607,428,661,532,634.0,480.0
290,702,3,0.27579817175865173,514,313,608,354,561.0,333.5
291,31,5,0.4887223243713379,758,364,1246,719,1002.0,541.5
291,630,3,0.8205395340919495,655,329,839,398,747.0,363.5
291,735,3,0.4589284360408783,924,328,1184,427,1054.0,377.5
291,785,3,0.5465710759162903,277,319,339,345,308.0,332.0
291,667,1,0.3624767065048218,0,407,64,539,32.0,473.0
291,827,3,0.5203599333763123,868,320,1009,384,938.5,352.0
291,832,3,0.4940696060657501,81,333,276,473,178.5,403.0
291,833,2,0.3248462378978729,0,425,87,541,43.5,483.0
291,842,3,0.7221840620040894,444,549,708,720,576.0,634.5
291,843,0,0.3419669568538666,0,408,25,533,12.5,470.5
291,787,3,0.2825312912464142,9,331,74,383,41.5,357.0
291,826,4,0.36745738983154297,1177,300,1258,355,1217.5,327.5
292,31,5,0.3830552399158478,821,406,1255,719,1038.0,562.5
292,630,3,0.8188214302062988,677,329,864,399,770.5,364.0
292,735,3,0.5186856985092163,972,328,1232,425,1102.0,376.5
292,785,3,0.49052688479423523,273,319,333,344,303.0,331.5
292,667,1,0.3520362377166748,0,409,64,538,32.0,473.5
292,827,3,0.5480700135231018,888,316,1040,385,964.0,350.5
292,833,2,0.3105432689189911,0,424,87,541,43.5,482.5
292,842,3,0.6686258912086487,535,563,781,719,658.0,641.0
292,843,0,0.36099839210510254,0,408,23,531,11.5,469.5
292,787,3,0.4571215808391571,4,331,75,387,39.5,359.0
292,826,4,0.41431280970573425,1174,301,1257,355,1215.5,328.0
293,630,3,0.8280090093612671,694,329,882,399,788.0,364.0
293,735,8,0.4409264326095581,984,328,1268,434,1126.0,381.0
293,785,3,0.4490967392921448,272,319,330,344,301.0,331.5
293,667,1,0.3411797881126404,0,409,63,538,31.5,473.5
293,827,3,0.5619757771492004,909,318,1059,386,984.0,352.0
293,833,2,0.3029015064239502,0,425,86,540,43.0,482.5
293,842,3,0.4182503819465637,617,584,839,719,728.0,651.5
293,843,0,0.3679892420768738,0,409,23,528,11.5,468.5
293,787,3,0.4910176396369934,2,330,76,389,39.0,359.5
294,630,3,0.8202111124992371,715,330,905,400,810.0,365.0
294,735,3,0.3137608468532562,1009,328,1280,432,1144.5,380.0
294,667,1,0.431570827960968,0,409,63,538,31.5,473.5
294,833,2,0.27757948637008667,0,425,87,540,43.5,482.5
294,843,1,0.38854190707206726,0,408,24,530,12.0,469.0
294,787,3,0.5544883608818054,2,331,77,389,39.5,360.0
294,427,8,0.411334753036499,926,288,1192,386,1059.0,337.0
294,31,5,0.5554054379463196,820,424,1226,719,1023.0,571.5
295,630,3,0.7871328592300415,733,330,925,400,829.0,365.0
295,667,1,0.4491736888885498,0,409,63,537,31.5,473.0
295,833,2,0.2652365267276764,1,426,86,539,43.5,482.5
295,843,1,0.40398678183555603,0,408,24,528,12.0,468.0
295,787,3,0.5745561122894287,3,330,75,386,39.0,358.0
295,427,8,0.3852228820323944,924,286,1193,387,1058.5,336.5
295,31,5,0.7496981620788574,815,386,1269,719,1042.0,552.5
296,630,3,0.8178013563156128,755,330,952,401,853.5,365.5
296,667,1,0.4011005163192749,0,410,64,538,32.0,474.0
296,843,1,0.33097758889198303,0,407,24,529,12.0,468.0
296,787,3,0.5186368823051453,5,327,85,388,45.0,357.5
296,31,5,0.8251264691352844,816,378,1278,719,1047.0,548.5
296,832,3,0.5424474477767944,141,332,363,483,252.0,407.5
296,827,3,0.5147817134857178,985,326,1126,388,1055.5,357.0
297,630,3,0.7758175730705261,770,329,974,402,872.0,365.5
297,667,1,0.4242086112499237,0,409,64,537,32.0,473.0
297,843,1,0.34267616271972656,1,406,25,528,13.0,467.0
297,787,3,0.2865779399871826,0,323,86,391,43.0,357.0
297,31,5,0.8442463874816895,810,362,1280,720,1045.0,541.0
297,832,3,0.41906264424324036,150,345,374,492,262.0,418.5
297,827,3,0.529424250125885,995,329,1130,389,1062.5,359.0
298,630,3,0.751117467880249,792,328,1003,403,897.5,365.5
298,667,1,0.41210561990737915,1,409,64,536,32.5,472.5
298,843,1,0.3169904351234436,0,407,22,521,11.0,464.0
298,31,5,0.7499722838401794,809,357,1280,720,1044.5,538.5
298,827,3,0.5498044490814209,1014,332,1143,388,1078.5,360.0
298,833,9,0.2613677382469177,0,409,92,542,46.0,475.5
299,630,3,0.7162284255027771,810,328,1021,403,915.5,365.5
299,667,1,0.3862101137638092,1,410,65,536,33.0,473.0
299,843,1,0.31601130962371826,0,402,21,504,10.5,453.0
299,31,5,0.7913989424705505,810,355,1280,720,1045.0,537.5
299,833,9,0.27092549204826355,0,408,92,543,46.0,475.5
300,630,3,0.6458052396774292,837,330,1048,403,942.5,366.5
300,667,1,0.34465235471725464,1,410,65,536,33.0,473.0
300,843,1,0.2745826542377472,1,401,21,499,11.0,450.0
300,31,5,0.7519578337669373,815,361,1280,720,1047.5,540.5
300,833,9,0.28859269618988037,0,408,92,543,46.0,475.5
300,741,0,0.30918338894844055,362,392,398,487,380.0,439.5
300,787,4,0.3072938621044159,0,327,77,390,38.5,358.5
301,630,3,0.5291816592216492,864,331,1078,404,971.0,367.5
301,667,1,0.30211231112480164,1,410,65,537,33.0,473.5
301,31,5,0.7679987549781799,826,380,1276,720,1051.0,550.0
301,876,5,0.3343867063522339,435,395,847,662,641.0,528.5
301,741,0,0.3014110326766968,362,393,399,487,380.5,440.0
301,787,4,0.2879467010498047,0,327,74,384,37.0,355.5
301,702,3,0.29630735516548157,425,313,521,356,473.0,334.5
302,630,3,0.5276003479957581,880,330,1101,404,990.5,367.0
302,667,1,0.29953962564468384,1,410,66,538,33.5,474.0
302,31,5,0.7186521291732788,830,387,1271,719,1050.5,553.0
302,876,5,0.29128268361091614,436,397,846,663,641.0,530.0
302,741,0,0.5059484839439392,361,380,403,489,382.0,434.5
302,787,3,0.2727978527545929,5,328,74,380,39.5,354.0
302,877,3,0.6789010167121887,779,322,878,353,828.5,337.5
302,879,0,0.32251161336898804,975,463,1021,568,998.0,515.5
302,833,9,0.276274174451828,0,407,92,544,46.0,475.5
303,630,3,0.4445209801197052,900,329,1122,403,1011.0,366.0
303,667,1,0.3347366154193878,1,409,66,537,33.5,473.0
303,31,5,0.7122921943664551,820,370,1280,720,1050.0,545.0
303,741,0,0.47298988699913025,361,375,405,492,383.0,433.5
303,787,3,0.3701789081096649,14,328,83,377,48.5,352.5
303,877,3,0.636603593826294,775,323,870,353,822.5,338.0
303,879,0,0.3619409203529358,975,462,1021,569,998.0,515.5
303,833,9,0.3122412860393524,0,407,92,543,46.0,475.0
303,801,3,0.6088870763778687,71,330,152,393,111.5,361.5
304,630,3,0.7538101077079773,933,328,1165,404,1049.0,366.0
304,667,1,0.316140353679657,1,409,66,537,33.5,473.0
304,31,5,0.8320056796073914,813,359,1280,720,1046.5,539.5
304,741,0,0.46878302097320557,361,379,404,497,382.5,438.0
304,787,3,0.3920906186103821,11,327,84,377,47.5,352.0
304,877,3,0.6665938496589661,763,323,855,352,809.0,337.5
304,879,0,0.3068332374095917,972,457,1023,574,997.5,515.5
304,833,9,0.29527851939201355,0,406,91,543,45.5,474.5
304,883,3,0.3632499575614929,1163,347,1277,409,1220.0,378.0
304,801,3,0.6748698353767395,105,331,195,392,150.0,361.5
304,702,3,0.33489397168159485,409,313,501,354,455.0,333.5
305,630,3,0.7301979660987854,951,327,1191,404,1071.0,365.5
305,667,1,0.2874284088611603,1,409,66,537,33.5,473.0
305,31,5,0.8091079592704773,817,362,1280,720,1048.5,541.0
305,741,0,0.3969421982765198,361,379,404,496,382.5,437.5
305,787,3,0.6193784475326538,17,327,94,377,55.5,352.0
305,877,3,0.658449649810791,755,323,850,353,802.5,338.0
305,879,0,0.26954731345176697,972,460,1022,576,997.0,518.0
305,833,9,0.2820325195789337,0,407,90,543,45.0,475.0
305,883,3,0.41520124673843384,1177,347,1280,404,1228.5,375.5
305,801,3,0.720156192779541,116,331,214,392,165.0,361.5
306,630,3,0.6417136192321777,973,327,1218,405,1095.5,366.0
306,667,1,0.31745830178260803,1,410,65,536,33.0,473.0
306,31,5,0.7756457924842834,826,377,1276,720,1051.0,548.5
306,741,0,0.417683869600296,362,378,404,492,383.0,435.0
306,787,3,0.5592888593673706,18,326,106,380,62.0,353.0
306,877,3,0.5571082234382629,747,325,837,353,792.0,339.0
306,879,0,0.2843300700187683,973,462,1021,573,997.0,517.5
306,833,9,0.28629034757614136,0,407,90,543,45.0,475.0
306,801,3,0.8103309273719788,126,333,230,392,178.0,362.5
306,827,3,0.2905442714691162,1151,343,1280,408,1215.5,375.5
306,876,5,0.2898555397987366,429,395,842,663,635.5,529.0
306,702,3,0.4768865406513214,392,313,485,357,438.5,335.0
307,630,3,0.5565633773803711,984,327,1232,406,1108.0,366.5
307,667,1,0.33048346638679504,1,411,65,535,33.0,473.0
307,31,5,0.719833493232727,850,421,1250,719,1050.0,570.0
307,741,0,0.3890681564807892,363,378,404,488,383.5,433.0
307,787,3,0.623234212398529,20,327,104,377,62.0,352.0
307,877,3,0.6509591341018677,739,325,827,353,783.0,339.0
307,879,0,0.29106882214546204,975,463,1021,569,998.0,516.0
307,833,9,0.2738571763038635,0,408,89,543,44.5,475.5
307,801,3,0.80677729845047,128,333,243,394,185.5,363.5
307,892,3,0.4700433611869812,1209,322,1280,359,1244.5,340.5
307,893,3,0.49043750762939453,249,335,446,386,347.5,360.5
307,827,3,0.3656314015388489,1160,344,1280,410,1220.0,377.0
307,876,5,0.33130985498428345,432,395,839,659,635.5,527.0
307,702,3,0.5108999609947205,388,314,478,356,433.0,335.0
308,630,8,0.5239684581756592,1011,328,1268,410,1139.5,369.0
308,667,1,0.25011080503463745,1,413,64,535,32.5,474.0
308,31,5,0.6244238018989563,872,463,1228,719,1050.0,591.0
308,787,3,0.45503637194633484,18,329,105,378,61.5,353.5
308,877,3,0.6666426062583923,729,325,814,352,771.5,338.5
308,879,0,0.3286011517047882,976,464,1020,567,998.0,515.5
308,801,3,0.752138078212738,142,333,261,394,201.5,363.5
308,876,5,0.2604164481163025,432,401,834,660,633.0,530.5
308,702,3,0.3583214581012726,382,314,470,356,426.0,335.0
308,427,8,0.7028303146362305,970,287,1182,363,1076.0,325.0
309,630,8,0.4603350758552551,1013,329,1280,419,1146.5,374.0
309,667,1,0.25847914814949036,3,417,64,535,33.5,476.0
309,31,5,0.7390647530555725,876,473,1226,718,1051.0,595.5
309,877,3,0.5431863069534302,723,324,809,351,766.0,337.5
309,879,0,0.330750435590744,976,465,1019,566,997.5,515.5
309,801,3,0.7269686460494995,149,334,273,395,211.0,364.5
309,876,5,0.3672647476196289,440,409,831,660,635.5,534.5
309,907,0,0.34952014684677124,375,373,421,465,398.0,419.0
309,427,8,0.6543791890144348,964,284,1191,365,1077.5,324.5
309,741,0,0.3866806626319885,366,380,404,480,385.0,430.0
310,630,8,0.34736689925193787,1028,330,1280,425,1154.0,377.5
310,667,0,0.25486379861831665,2,416,62,530,32.0,473.0
310,31,5,0.7434382438659668,851,439,1252,718,1051.5,578.5
310,877,3,0.5015897750854492,719,325,798,351,758.5,338.0
310,879,0,0.2771129012107849,976,467,1018,564,997.0,515.5
310,801,3,0.4731430113315582,160,334,291,396,225.5,365.0
310,876,5,0.3205825686454773,441,406,836,660,638.5,533.0
310,907,0,0.3520890772342682,375,374,421,466,398.0,420.0
310,427,8,0.5629500150680542,964,285,1194,365,1079.0,325.0
310,908,3,0.45240268111228943,11,333,126,391,68.5,362.0
310,787,3,0.3566315472126007,19,330,98,374,58.5,352.0
311,667,1,0.2700829803943634,0,414,63,533,31.5,473.5
311,31,5,0.8394245505332947,830,409,1273,718,1051.5,563.5
311,877,3,0.643024206161499,716,326,791,351,753.5,338.5
311,879,0,0.263761043548584,975,466,1018,565,996.5,515.5
311,801,3,0.76163649559021,167,334,301,396,234.0,365.0
311,876,5,0.36395135521888733,446,404,838,657,642.0,530.5
311,907,0,0.5039791464805603,375,374,422,469,398.5,421.5
311,427,8,0.8218333125114441,958,286,1185,365,1071.5,325.5
311,908,3,0.4804548919200897,29,333,131,383,80.0,358.0
311,914,0,0.34720760583877563,359,393,391,479,375.0,436.0
312,667,1,0.34684067964553833,0,411,63,535,31.5,473.0
312,31,5,0.8775089979171753,812,380,1280,718,1046.0,549.0
312,877,3,0.3508487343788147,707,327,779,351,743.0,339.0
312,801,3,0.8388566970825195,178,334,316,397,247.0,365.5
312,876,5,0.26865071058273315,453,409,837,655,645.0,532.0
312,427,8,0.8644663095474243,954,286,1180,366,1067.0,326.0
312,908,3,0.5576931238174438,39,328,139,377,89.0,352.5
312,918,1,0.3439670503139496,0,409,26,526,13.0,467.5
312,833,9,0.2694540023803711,0,410,88,544,44.0,477.0
312,741,0,0.43544620275497437,366,381,405,480,385.5,430.5
313,667,1,0.3124726414680481,0,411,63,536,31.5,473.5
313,31,5,0.8995437622070312,806,368,1280,718,1043.0,543.0
313,801,3,0.8242970108985901,188,334,330,397,259.0,365.5
313,876,5,0.3486398458480835,455,417,830,656,642.5,536.5
313,427,8,0.8521111011505127,952,287,1177,366,1064.5,326.5
313,908,3,0.533022940158844,45,328,141,375,93.0,351.5
313,918,0,0.3597225248813629,0,409,25,526,12.5,467.5
313,833,9,0.25108787417411804,0,411,88,544,44.0,477.5
313,702,3,0.2815888226032257,352,315,429,352,390.5,333.5
313,907,0,0.4799116551876068,371,376,418,470,394.5,423.0
313,914,0,0.320255309343338,361,389,397,485,379.0,437.0
314,31,5,0.8350603580474854,804,362,1280,718,1042.0,540.0
314,801,3,0.8348745107650757,201,334,346,398,273.5,366.0
314,876,5,0.3191792964935303,450,417,828,656,639.0,536.5
314,427,8,0.8339946866035461,949,288,1172,366,1060.5,327.0
314,908,3,0.39556390047073364,57,327,155,374,106.0,350.5
314,918,0,0.43976283073425293,0,411,24,522,12.0,466.5
314,833,9,0.2708311378955841,0,414,87,544,43.5,479.0
314,925,3,0.5040580034255981,306,332,406,378,356.0,355.0
314,702,3,0.4700547158718109,347,315,421,349,384.0,332.0
314,741,0,0.4030413031578064,364,377,405,479,384.5,428.0
315,31,5,0.7907872796058655,811,369,1280,718,1045.5,543.5
315,801,3,0.8453480005264282,210,333,359,398,284.5,365.5
315,876,5,0.27050185203552246,445,414,831,658,638.0,536.0
315,427,8,0.8379687070846558,946,288,1168,366,1057.0,327.0
315,908,3,0.4153033494949341,63,327,165,375,114.0,351.0
315,918,0,0.4302850365638733,0,411,24,520,12.0,465.5
315,741,0,0.31478649377822876,363,377,403,477,383.0,427.0
316,31,5,0.7436703443527222,826,393,1276,718,1051.0,555.5
316,801,3,0.8369430303573608,225,333,376,399,300.5,366.0
316,876,5,0.29920926690101624,447,417,829,657,638.0,537.0
316,427,8,0.8247140049934387,939,288,1162,365,1050.5,326.5
316,908,3,0.5658348202705383,75,328,177,376,126.0,352.0
316,918,0,0.4153156280517578,0,412,24,518,12.0,465.0
316,925,3,0.43684887886047363,324,326,433,376,378.5,351.0
317,31,5,0.7814352512359619,828,396,1274,719,1051.0,557.5
317,801,3,0.7981686592102051,234,334,389,401,311.5,367.5
317,427,8,0.840259850025177,942,289,1165,366,1053.5,327.5
317,908,3,0.5585576891899109,78,328,182,376,130.0,352.0
317,918,0,0.42445462942123413,0,412,25,522,12.5,467.0
317,925,3,0.554892361164093,346,329,452,377,399.0,353.0
317,741,0,0.3089037835597992,364,378,403,477,383.5,427.5
318,31,5,0.5541860461235046,840,415,1263,719,1051.5,567.0
318,801,3,0.8400812745094299,250,334,409,401,329.5,367.5
318,427,8,0.8088104128837585,948,288,1172,366,1060.0,327.0
318,908,3,0.6658520698547363,86,328,192,376,139.0,352.0
318,918,0,0.44608065485954285,0,412,24,522,12.0,467.0
318,925,3,0.4278999865055084,363,330,459,374,411.0,352.0
318,741,0,0.3353310823440552,366,383,402,475,384.0,429.0
318,702,3,0.5280970931053162,315,314,399,354,357.0,334.0
319,31,5,0.7364393472671509,834,408,1268,719,1051.0,563.5
319,801,3,0.8370490670204163,261,334,419,400,340.0,367.0
319,427,8,0.8087884187698364,950,288,1173,366,1061.5,327.0
319,908,3,0.6517006754875183,86,328,195,376,140.5,352.0
319,918,0,0.46580249071121216,0,412,24,524,12.0,468.0
319,741,0,0.3490333557128906,366,381,402,476,384.0,428.5
319,702,3,0.554686963558197,313,315,391,351,352.0,333.0
320,31,5,0.7326385378837585,829,401,1272,719,1050.5,560.0
320,801,3,0.7857804894447327,276,333,435,400,355.5,366.5
320,427,8,0.796395480632782,951,288,1174,366,1062.5,327.0
320,908,3,0.7282397747039795,100,327,210,376,155.0,351.5
320,918,0,0.48211076855659485,0,411,23,525,11.5,468.0
320,741,0,0.5124993324279785,364,380,401,478,382.5,429.0
320,667,1,0.29028427600860596,1,414,61,530,31.0,472.0
320,833,9,0.2664091885089874,1,420,85,544,43.0,482.0
321,31,5,0.7468361854553223,826,397,1275,719,1050.5,558.0
321,801,3,0.7971291542053223,282,334,436,399,359.0,366.5
321,427,8,0.7940881848335266,953,287,1175,366,1064.0,326.5
321,908,3,0.7807356715202332,108,328,217,376,162.5,352.0
321,918,0,0.4913029074668884,0,411,23,526,11.5,468.5
321,741,0,0.4760332405567169,364,378,402,480,383.0,429.0
321,667,1,0.2825256586074829,1,414,61,530,31.0,472.0
321,833,9,0.2515110671520233,0,419,85,544,42.5,481.5
321,702,3,0.2669185996055603,304,315,377,349,340.5,332.0
322,31,5,0.7398622035980225,829,401,1272,718,1050.5,559.5
322,801,3,0.8134347200393677,292,334,451,402,371.5,368.0
322,427,8,0.8223704695701599,955,288,1174,366,1064.5,327.0
322,908,3,0.7312719225883484,113,329,225,377,169.0,353.0
322,918,0,0.48889607191085815,0,411,23,525,11.5,468.0
322,741,0,0.34765690565109253,365,382,401,479,383.0,430.5
322,667,1,0.27023544907569885,1,416,63,533,32.0,474.5
323,31,5,0.7020795345306396,830,402,1272,718,1051.0,560.0
323,801,3,0.7617640495300293,304,334,462,403,383.0,368.5
323,427,8,0.8194459080696106,956,288,1175,366,1065.5,327.0
323,908,3,0.7913976907730103,116,330,229,377,172.5,353.5
323,918,0,0.4966283440589905,0,411,22,524,11.0,467.5
323,741,0,0.3785705864429474,366,385,401,478,383.5,431.5
323,667,1,0.2736513614654541,1,417,63,534,32.0,475.5
323,948,3,0.37170860171318054,867,312,962,351,914.5,331.5
323,702,3,0.4249765872955322,293,315,359,345,326.0,330.0
324,31,5,0.8322124481201172,821,388,1279,718,1050.0,553.0
324,801,3,0.8267379999160767,329,334,491,404,410.0,369.0
324,427,8,0.849288284778595,956,288,1173,366,1064.5,327.0
324,908,3,0.7530660629272461,122,330,239,378,180.5,354.0
324,918,0,0.48257389664649963,0,412,22,526,11.0,469.0
324,741,0,0.2851051986217499,366,385,401,478,383.5,431.5
324,667,1,0.28261905908584595,1,416,62,531,31.5,473.5
324,948,4,0.4410066604614258,857,309,961,351,909.0,330.0
324,702,3,0.4299575686454773,286,315,352,344,319.0,329.5
324,876,5,0.2938775420188904,444,419,824,655,634.0,537.0
324,925,3,0.48324331641197205,418,328,534,379,476.0,353.5
324,833,9,0.25869396328926086,0,420,85,544,42.5,482.0
325,31,5,0.8440365791320801,822,389,1278,718,1050.0,553.5
325,801,3,0.7889861464500427,349,335,513,406,431.0,370.5
325,427,8,0.8414239287376404,955,288,1172,366,1063.5,327.0
325,908,3,0.7690751552581787,129,330,246,377,187.5,353.5
325,918,0,0.4830099046230316,0,411,23,528,11.5,469.5
325,741,0,0.33463361859321594,367,385,402,480,384.5,432.5
325,667,0,0.28837549686431885,1,415,62,531,31.5,473.0
325,948,4,0.4667620360851288,847,307,956,351,901.5,329.0
325,702,3,0.4366393983364105,278,316,347,346,312.5,331.0
325,876,5,0.2773248255252838,443,420,828,655,635.5,537.5
325,925,3,0.507829487323761,432,328,545,378,488.5,353.0
325,843,3,0.3953062891960144,3,338,20,414,11.5,376.0
326,31,5,0.8623817563056946,818,382,1280,718,1049.0,550.0
326,801,3,0.7173811197280884,368,335,535,406,451.5,370.5
326,427,8,0.8295847773551941,952,287,1172,367,1062.0,327.0
326,908,3,0.7142694592475891,136,330,256,378,196.0,354.0
326,918,0,0.47667843103408813,0,411,23,530,11.5,470.5
326,741,0,0.43777135014533997,364,379,402,482,383.0,430.5
326,667,0,0.2852502167224884,0,414,62,532,31.0,473.0
326,948,4,0.4273329973220825,835,306,947,351,891.0,328.5
326,702,3,0.4194612205028534,283,315,345,343,314.0,329.0
326,925,3,0.4709385633468628,462,331,569,378,515.5,354.5
327,31,5,0.7861646413803101,820,383,1280,718,1050.0,550.5
327,801,3,0.7428004741668701,382,335,551,407,466.5,371.0
327,427,8,0.8493561148643494,952,287,1172,367,1062.0,327.0
327,908,3,0.7391213178634644,145,330,268,378,206.5,354.0
327,918,0,0.47568953037261963,0,411,24,530,12.0,470.5
327,741,0,0.38896360993385315,364,382,401,481,382.5,431.5
327,667,0,0.3212476372718811,0,414,62,532,31.0,473.0
327,948,4,0.37937983870506287,828,306,941,351,884.5,328.5
327,702,3,0.29765114188194275,281,315,343,344,312.0,329.5
327,925,3,0.5208519101142883,483,331,582,375,532.5,353.0
327,876,5,0.3697904646396637,394,419,800,656,597.0,537.5
328,31,5,0.7232733368873596,824,390,1277,719,1050.5,554.5
328,801,3,0.594174861907959,402,334,577,408,489.5,371.0
328,427,8,0.8438740968704224,952,287,1172,367,1062.0,327.0
328,908,3,0.6986582279205322,153,330,279,378,216.0,354.0
328,918,0,0.46131017804145813,0,411,23,530,11.5,470.5
328,667,1,0.3080432415008545,0,412,62,535,31.0,473.5
328,948,4,0.2640579342842102,820,305,933,351,876.5,328.0
328,925,3,0.518358051776886,503,330,601,373,552.0,351.5
328,833,9,0.2668899595737457,0,421,85,545,42.5,483.0
329,31,5,0.6820086240768433,830,401,1271,719,1050.5,560.0
329,801,3,0.7163926362991333,417,334,595,409,506.0,371.5
329,427,8,0.8404015302658081,952,287,1171,367,1061.5,327.0
329,908,3,0.7585703730583191,160,330,287,378,223.5,354.0
329,918,0,0.448379784822464,0,411,23,528,11.5,469.5
329,667,1,0.3114364743232727,0,412,61,536,30.5,474.0
329,948,4,0.2949006259441376,813,305,924,349,868.5,327.0
329,925,3,0.4189668893814087,489,329,604,379,546.5,354.0
329,833,9,0.275648295879364,1,423,84,545,42.5,484.0
330,31,5,0.8069561719894409,818,381,1280,719,1049.0,550.0
330,801,3,0.5799949765205383,418,333,608,412,513.0,372.5
330,427,8,0.8419501781463623,952,287,1171,367,1061.5,327.0
330,908,3,0.7052869200706482,170,330,302,379,236.0,354.5
330,918,0,0.44228196144104004,0,411,23,528,11.5,469.5
330,667,1,0.2960946261882782,0,413,61,533,30.5,473.0
330,833,9,0.26985788345336914,0,421,85,545,42.5,483.0
330,892,3,0.26728275418281555,1210,322,1274,352,1242.0,337.0
330,907,0,0.35422077775001526,362,379,419,492,390.5,435.5
331,31,5,0.7903647422790527,812,372,1280,719,1046.0,545.5
331,801,3,0.6799049377441406,421,332,610,411,515.5,371.5
331,427,8,0.8317312598228455,953,287,1170,367,1061.5,327.0
331,908,3,0.6906905174255371,178,330,309,379,243.5,354.5
331,918,0,0.4368606209754944,0,411,23,529,11.5,470.0
331,667,1,0.29926395416259766,0,414,61,532,30.5,473.0
331,833,9,0.26532483100891113,0,419,86,545,43.0,482.0
331,892,3,0.4398250877857208,1212,323,1275,352,1243.5,337.5
331,907,0,0.35509759187698364,361,380,417,490,389.0,435.0
332,31,5,0.7655408382415771,818,380,1280,719,1049.0,549.5
332,801,3,0.7015437483787537,447,332,632,411,539.5,371.5
332,427,8,0.8073984980583191,953,288,1168,367,1060.5,327.5
332,908,3,0.694856584072113,189,331,321,379,255.0,355.0
332,918,0,0.43488219380378723,0,411,22,528,11.0,469.5
332,667,1,0.27720844745635986,1,415,61,531,31.0,473.0
332,833,9,0.25826340913772583,0,419,86,544,43.0,481.5
332,892,3,0.5219235420227051,1215,325,1277,353,1246.0,339.0
332,907,0,0.31631892919540405,361,380,415,487,388.0,433.5
332,975,3,0.6290654540061951,295,321,372,362,333.5,341.5
333,31,5,0.6531077027320862,827,398,1266,720,1046.5,559.0
333,801,3,0.7221203446388245,473,330,668,413,570.5,371.5
333,427,8,0.7548789978027344,953,289,1167,367,1060.0,328.0
333,908,3,0.723038375377655,197,331,328,379,262.5,355.0
333,918,0,0.4168567359447479,0,411,22,527,11.0,469.0
333,667,1,0.30054226517677307,1,415,62,531,31.5,473.0
333,833,9,0.25937625765800476,0,418,86,544,43.0,481.0
333,892,3,0.40924039483070374,1216,326,1276,353,1246.0,339.5
333,907,0,0.3554975688457489,360,380,413,487,386.5,433.5
333,978,8,0.42189332842826843,103,277,334,379,218.5,328.0
333,893,3,0.480785071849823,221,320,421,376,321.0,348.0
334,31,5,0.680092990398407,839,417,1257,720,1048.0,568.5
334,801,3,0.6666941046714783,499,329,693,412,596.0,370.5
334,427,8,0.7759488821029663,955,289,1167,367,1061.0,328.0
334,908,3,0.7039222717285156,207,331,341,380,274.0,355.5
334,918,0,0.4035225808620453,0,411,22,526,11.0,468.5
334,667,1,0.29351699352264404,1,415,62,531,31.5,473.0
334,833,9,0.272869348526001,0,418,86,544,43.0,481.0
334,892,3,0.5667333602905273,1207,324,1275,354,1241.0,339.0
334,978,8,0.3553963005542755,121,279,329,370,225.0,324.5
334,975,3,0.5523852705955505,325,323,401,363,363.0,343.0
335,31,5,0.6982907056808472,852,440,1245,719,1048.5,579.5
335,801,3,0.6476380228996277,520,331,706,412,613.0,371.5
335,427,8,0.7695964574813843,954,288,1167,366,1060.5,327.0
335,908,3,0.7126309275627136,212,331,350,380,281.0,355.5
335,918,0,0.3992529511451721,0,411,21,525,10.5,468.0
335,667,1,0.2991989552974701,1,415,62,531,31.5,473.0
335,833,9,0.25443604588508606,0,418,86,544,43.0,481.0
335,892,3,0.6887569427490234,1198,321,1274,354,1236.0,337.5
335,978,8,0.43122273683547974,115,279,336,376,225.5,327.5
335,979,0,0.33759114146232605,364,378,431,466,397.5,422.0
335,975,3,0.6420382857322693,334,322,409,362,371.5,342.0
336,31,5,0.5886750817298889,856,449,1242,720,1049.0,584.5
336,801,3,0.5806999802589417,541,333,723,414,632.0,373.5
336,427,8,0.7140430808067322,956,289,1168,366,1062.0,327.5
336,908,3,0.750038206577301,226,331,365,381,295.5,356.0
336,918,0,0.40425387024879456,0,411,21,524,10.5,467.5
336,667,1,0.26060405373573303,1,415,62,531,31.5,473.0
336,892,3,0.6373319625854492,1189,319,1271,353,1230.0,336.0
336,978,8,0.5080330967903137,122,279,337,373,229.5,326.0
336,979,0,0.3194911777973175,368,379,432,464,400.0,421.5
336,975,3,0.6003562808036804,340,322,417,363,378.5,342.5
336,981,3,0.3466844856739044,716,470,831,593,773.5,531.5
336,741,0,0.2924078404903412,367,383,403,476,385.0,429.5
336,876,5,0.3190745711326599,432,418,842,661,637.0,539.5
337,31,5,0.5293710231781006,860,459,1239,720,1049.5,589.5
337,801,3,0.3776102662086487,563,336,737,413,650.0,374.5
337,427,8,0.7280460596084595,953,288,1168,366,1060.5,327.0
337,908,3,0.7447406053543091,234,331,375,381,304.5,356.0
337,918,0,0.3964046835899353,0,411,21,521,10.5,466.0
337,892,3,0.6126528382301331,1186,318,1272,354,1229.0,336.0
337,978,8,0.49771854281425476,124,279,346,375,235.0,327.0
337,979,0,0.29607275128364563,366,380,428,464,397.0,422.0
337,975,3,0.6475457549095154,347,322,429,365,388.0,343.5
337,981,3,0.2850935161113739,715,469,831,593,773.0,531.0
337,876,5,0.35938167572021484,435,420,841,661,638.0,540.5
338,31,5,0.3672783672809601,893,491,1232,717,1062.5,604.0
338,427,8,0.7454081773757935,954,288,1170,367,1062.0,327.5
338,908,3,0.7132786512374878,248,332,389,382,318.5,357.0
338,918,0,0.38228917121887207,0,411,20,518,10.0,464.5
338,892,3,0.6050880551338196,1178,318,1271,355,1224.5,336.5
338,978,8,0.3508269786834717,129,279,350,374,239.5,326.5
338,979,0,0.35155820846557617,364,380,425,463,394.5,421.5
338,975,3,0.5505281090736389,359,321,448,367,403.5,344.0
338,981,3,0.33869609236717224,716,470,830,592,773.0,531.0
338,876,5,0.2921179234981537,438,417,844,660,641.0,538.5
339,31,5,0.3758048117160797,893,502,1225,717,1059.0,609.5
339,427,8,0.6011507511138916,951,287,1176,369,1063.5,328.0
339,908,3,0.8099091649055481,257,332,400,383,328.5,357.5
339,918,0,0.3994361460208893,0,411,20,518,10.0,464.5
339,892,3,0.43420544266700745,1174,318,1271,356,1222.5,337.0
339,978,8,0.28441157937049866,123,279,355,377,239.0,328.0
339,979,0,0.3811939060688019,363,380,424,463,393.5,421.5
339,975,3,0.5240809321403503,364,321,456,366,410.0,343.5
339,981,3,0.27931100130081177,715,470,830,593,772.5,531.5
340,31,5,0.4292033314704895,854,464,1249,719,1051.5,591.5
340,427,8,0.6605620980262756,951,288,1173,370,1062.0,329.0
340,908,3,0.7242860198020935,270,332,416,383,343.0,357.5
340,918,0,0.3682226240634918,0,410,21,522,10.5,466.0
340,892,3,0.6677693724632263,1172,317,1270,355,1221.0,336.0
340,978,8,0.7506652474403381,128,279,360,376,244.0,327.5
340,979,0,0.4189436733722687,364,378,427,465,395.5,421.5
340,975,3,0.5440511107444763,379,322,468,365,423.5,343.5
340,981,3,0.33146896958351135,715,470,831,593,773.0,531.5
340,801,3,0.4932359457015991,625,335,799,414,712.0,374.5
341,31,5,0.38647326827049255,871,487,1237,717,1054.0,602.0
341,427,8,0.621452271938324,952,288,1171,369,1061.5,328.5
341,908,3,0.662490963935852,278,332,424,383,351.0,357.5
341,918,0,0.3157726228237152,0,411,20,521,10.0,466.0
341,892,3,0.48309874534606934,1171,318,1270,355,1220.5,336.5
341,978,8,0.7608346343040466,137,279,360,370,248.5,324.5
341,979,0,0.373157262802124,365,378,428,465,396.5,421.5
341,975,3,0.6064085364341736,387,322,477,365,432.0,343.5
341,981,3,0.36853376030921936,716,470,831,593,773.5,531.5
341,991,3,0.4267445504665375,8,334,134,397,71.0,365.5
341,992,0,0.3520077168941498,360,395,391,482,375.5,438.5
341,801,4,0.29836347699165344,643,333,818,416,730.5,374.5
342,31,5,0.6248803734779358,836,450,1261,719,1048.5,584.5
342,427,8,0.44666042923927307,959,289,1166,364,1062.5,326.5
342,908,3,0.549562931060791,290,332,438,384,364.0,358.0
342,918,0,0.34940698742866516,0,411,21,522,10.5,466.5
342,978,8,0.6829746961593628,137,279,373,374,255.0,326.5
342,979,0,0.3663423955440521,367,376,431,465,399.0,420.5
342,975,3,0.5943606495857239,396,321,496,369,446.0,345.0
342,991,3,0.5197494029998779,13,333,141,397,77.0,365.0
342,992,0,0.3343476355075836,360,396,390,482,375.0,439.0
342,876,5,0.28374049067497253,435,416,845,663,640.0,539.5
343,31,5,0.5100857615470886,846,466,1251,718,1048.5,592.0
343,427,8,0.3825158476829529,968,290,1169,362,1068.5,326.0
343,908,3,0.6632394194602966,295,332,447,385,371.0,358.5
343,918,0,0.3526690900325775,0,410,20,520,10.0,465.0
343,978,8,0.7218868136405945,139,280,380,375,259.5,327.5
343,979,0,0.44816917181015015,369,374,433,464,401.0,419.0
343,975,3,0.5237438678741455,408,322,508,368,458.0,345.0
343,991,3,0.6496686935424805,19,331,145,393,82.0,362.0
343,992,0,0.3352745473384857,359,397,389,482,374.0,439.5
343,981,3,0.2509821653366089,715,467,833,594,774.0,530.5
344,31,5,0.37896081805229187,859,484,1241,717,1050.0,600.5
344,427,8,0.29967519640922546,973,288,1169,356,1071.0,322.0
344,908,3,0.5716755390167236,302,332,452,385,377.0,358.5
344,918,0,0.3418229818344116,0,411,19,516,9.5,463.5
344,978,8,0.6601674556732178,143,277,394,375,268.5,326.0
344,979,0,0.4535577595233917,370,371,435,462,402.5,416.5
344,975,3,0.6455498933792114,422,321,524,368,473.0,344.5
344,991,3,0.5675328969955444,30,332,154,392,92.0,362.0
344,992,0,0.3585282862186432,360,399,388,478,374.0,438.5
344,1000,0,0.316030889749527,605,431,656,517,630.5,474.0
344,892,3,0.4074552059173584,1177,322,1272,357,1224.5,339.5
344,801,8,0.44793519377708435,741,334,911,413,826.0,373.5
345,31,5,0.4470696449279785,863,492,1238,717,1050.5,604.5
345,908,3,0.6016980409622192,311,333,457,385,384.0,359.0
345,918,0,0.31546878814697266,0,411,18,514,9.0,462.5
345,978,8,0.6449605226516724,149,276,403,374,276.0,325.0
345,979,0,0.46329814195632935,371,374,432,461,401.5,417.5
345,975,3,0.7278260588645935,432,322,532,367,482.0,344.5
345,991,3,0.6149146556854248,37,333,159,391,98.0,362.0
345,992,0,0.35509583353996277,360,398,388,479,374.0,438.5
345,1000,0,0.2974695563316345,605,431,656,517,630.5,474.0
345,892,3,0.3870883285999298,1178,322,1270,355,1224.0,338.5
345,981,3,0.28066661953926086,717,470,832,593,774.5,531.5
346,31,5,0.5763397812843323,863,496,1238,717,1050.5,606.5
346,908,3,0.5008444786071777,335,333,480,384,407.5,358.5
346,918,0,0.31101369857788086,0,412,18,514,9.0,463.0
346,978,8,0.7188935875892639,152,276,410,374,281.0,325.0
346,979,0,0.4316987991333008,368,379,425,462,396.5,420.5
346,975,3,0.7482091188430786,447,322,547,366,497.0,344.0
346,991,3,0.4406764805316925,48,333,174,393,111.0,363.0
346,992,0,0.3480575978755951,361,398,389,480,375.0,439.0
346,1000,0,0.251112699508667,606,431,656,517,631.0,474.0
346,892,3,0.3900578022003174,1185,323,1270,353,1227.5,338.0
346,981,3,0.3459485173225403,717,470,830,592,773.5,531.0
346,876,5,0.3943774998188019,439,415,842,659,640.5,537.0
347,31,5,0.4950507879257202,864,499,1240,717,1052.0,608.0
347,908,3,0.6232156753540039,347,332,501,386,424.0,359.0
347,918,0,0.2927074432373047,0,413,18,515,9.0,464.0
347,978,8,0.7890110611915588,155,277,413,374,284.0,325.5
347,979,0,0.46235427260398865,368,381,424,463,396.0,422.0
347,975,3,0.6938835382461548,460,322,562,366,511.0,344.0
347,992,0,0.34617769718170166,361,396,391,480,376.0,438.0
347,1000,0,0.25793516635894775,606,432,656,517,631.0,474.5
347,892,3,0.41289055347442627,1184,322,1265,351,1224.5,336.5
347,981,3,0.40114930272102356,717,471,830,591,773.5,531.0
347,876,5,0.35962754487991333,439,415,842,659,640.5,537.0
347,427,8,0.27559080719947815,968,293,1160,358,1064.0,325.5
348,31,5,0.49069640040397644,829,462,1269,719,1049.0,590.5
348,908,3,0.6714091300964355,362,332,521,389,441.5,360.5
348,918,0,0.26244789361953735,0,412,18,518,9.0,465.0
348,978,8,0.7359368205070496,160,277,424,376,292.0,326.5
348,979,0,0.6053145527839661,368,380,426,466,397.0,423.0
348,975,3,0.7517816424369812,473,322,579,366,526.0,344.0
348,992,0,0.36696162819862366,363,395,394,482,378.5,438.5
348,981,3,0.40532204508781433,716,471,830,592,773.0,531.5
348,876,5,0.4039774537086487,436,412,841,658,638.5,535.0
348,1019,4,0.49227508902549744,657,307,752,351,704.5,329.0
348,991,3,0.5251631140708923,66,333,200,396,133.0,364.5
349,31,5,0.4641258716583252,857,489,1255,718,1056.0,603.5
349,908,3,0.6558715105056763,376,334,532,389,454.0,361.5
349,978,8,0.8196002244949341,164,279,424,375,294.0,327.0
349,979,0,0.5741002559661865,368,378,428,469,398.0,423.5
349,975,3,0.7171134352684021,483,321,593,366,538.0,343.5
349,992,0,0.2994685769081116,362,395,394,483,378.0,439.0
349,981,3,0.35748669505119324,715,470,830,593,772.5,531.5
349,876,5,0.3813185393810272,423,410,836,660,629.5,535.0
349,1019,4,0.4995357394218445,652,308,746,351,699.0,329.5
349,1022,4,0.4565770626068115,1,320,82,372,41.5,346.0
349,991,3,0.6412718296051025,74,334,209,395,141.5,364.5
349,892,3,0.291683554649353,1175,321,1255,348,1215.0,334.5
350,31,5,0.44256579875946045,882,499,1264,718,1073.0,608.5
350,908,3,0.6937690377235413,391,333,548,388,469.5,360.5
350,978,8,0.8614118099212646,175,280,434,373,304.5,326.5
350,979,0,0.3181461691856384,370,380,427,468,398.5,424.0
350,975,3,0.6986212730407715,500,321,605,365,552.5,343.0
350,992,0,0.25646865367889404,362,398,393,483,377.5,440.5
350,981,3,0.2821108102798462,714,470,829,593,771.5,531.5
350,876,5,0.370341956615448,415,414,826,659,620.5,536.5
350,1019,4,0.4732440114021301,642,308,737,351,689.5,329.5
350,1022,3,0.32862672209739685,3,321,78,370,40.5,345.5
350,991,3,0.587783932685852,92,334,225,394,158.5,364.0
351,31,5,0.3787643313407898,871,500,1254,718,1062.5,609.0
351,908,3,0.7340360879898071,399,332,562,389,480.5,360.5
351,978,8,0.8612619042396545,182,279,444,372,313.0,325.5
351,979,0,0.28575992584228516,370,382,424,468,397.0,425.0
351,975,3,0.6092626452445984,511,321,611,362,561.0,341.5
351,992,0,0.26287415623664856,360,398,392,484,376.0,441.0
351,981,3,0.3356950879096985,713,471,827,592,770.0,531.5
351,876,5,0.37402084469795227,413,415,824,659,618.5,537.0
351,1019,4,0.5255231857299805,635,307,735,353,685.0,330.0
351,1022,3,0.2930208742618561,3,321,78,369,40.5,345.0
351,991,3,0.6461460590362549,102,335,237,396,169.5,365.5
352,31,5,0.5861469507217407,847,483,1262,718,1054.5,600.5
352,908,3,0.7079817652702332,413,331,577,389,495.0,360.0
352,978,8,0.7883037328720093,187,278,453,373,320.0,325.5
352,979,0,0.2851535975933075,371,383,424,469,397.5,426.0
352,975,3,0.45502331852912903,531,320,638,364,584.5,342.0
352,992,0,0.3023500442504883,360,397,392,485,376.0,441.0
352,981,3,0.265707403421402,711,470,827,592,769.0,531.0
352,876,5,0.5205419063568115,412,413,830,660,621.0,536.5
352,1022,4,0.319430410861969,0,320,81,373,40.5,346.5
352,991,3,0.7304708957672119,110,335,248,396,179.0,365.5
353,31,5,0.47635209560394287,820,454,1280,719,1050.0,586.5
353,908,3,0.6601175665855408,423,330,588,388,505.5,359.0
353,978,8,0.7630475759506226,197,278,462,372,329.5,325.0
353,979,0,0.3375367522239685,372,381,426,469,399.0,425.0
353,975,3,0.4982282817363739,548,320,655,364,601.5,342.0
353,992,0,0.33153679966926575,361,398,393,484,377.0,441.0
353,876,5,0.46156468987464905,410,413,832,661,621.0,537.0
353,1022,4,0.35024556517601013,0,320,87,381,43.5,350.5
353,991,3,0.7172639966011047,113,336,255,398,184.0,367.0
354,31,5,0.6846460103988647,794,418,1280,718,1037.0,568.0
354,908,3,0.7630457282066345,439,330,603,388,521.0,359.0
354,978,8,0.8385162353515625,203,279,469,372,336.0,325.5
354,979,0,0.2896025776863098,371,380,426,470,398.5,425.0
354,975,3,0.46253567934036255,557,323,685,374,621.0,348.5
354,992,0,0.2599758803844452,362,398,394,484,378.0,441.0
354,876,5,0.33725032210350037,406,414,830,661,618.0,537.5
354,991,3,0.7890533804893494,119,336,264,399,191.5,367.5
355,31,5,0.6699891686439514,765,377,1280,719,1022.5,548.0
355,908,3,0.7225950956344604,445,330,610,388,527.5,359.0
355,978,8,0.7680400609970093,202,279,474,373,338.0,326.0
355,979,0,0.2999613881111145,370,379,426,472,398.0,425.5
355,975,3,0.4470086097717285,569,323,695,374,632.0,348.5
355,992,0,0.3083344101905823,362,397,396,489,379.0,443.0
355,876,5,0.4453076124191284,411,415,834,661,622.5,538.0
355,991,3,0.7217395901679993,123,336,270,398,196.5,367.0
356,31,5,0.44314226508140564,772,380,1280,719,1026.0,549.5
356,908,3,0.7736240029335022,453,330,617,389,535.0,359.5
356,978,8,0.8485351204872131,216,280,486,372,351.0,326.0
356,979,0,0.3482320308685303,370,378,427,475,398.5,426.5
356,975,3,0.4334106743335724,593,319,724,372,658.5,345.5
356,992,0,0.2830732762813568,361,397,397,491,379.0,444.0
356,876,5,0.2729209065437317,407,414,833,660,620.0,537.0
356,991,3,0.7636914253234863,135,335,288,399,211.5,367.0
356,981,3,0.2900797724723816,710,470,829,594,769.5,532.0
357,31,5,0.6352529525756836,759,354,1280,720,1019.5,537.0
357,908,3,0.7155833840370178,473,331,638,389,555.5,360.0
357,978,8,0.8102945685386658,219,279,497,373,358.0,326.0
357,979,0,0.3632812798023224,369,378,427,477,398.0,427.5
357,975,3,0.551060676574707,613,320,740,372,676.5,346.0
357,992,0,0.3320842385292053,360,397,398,498,379.0,447.5
357,876,5,0.322807252407074,403,412,835,660,619.0,536.0
357,991,3,0.7777258157730103,147,335,301,399,224.0,367.0
357,981,3,0.29589250683784485,710,469,830,595,770.0,532.0
358,31,5,0.6119450926780701,770,362,1280,720,1025.0,541.0
358,908,3,0.6894832849502563,500,331,667,391,583.5,361.0
358,978,8,0.7418972253799438,227,278,506,372,366.5,325.0
358,979,0,0.33451640605926514,368,378,426,478,397.0,428.0
358,975,3,0.6448478102684021,636,322,757,371,696.5,346.5
358,992,0,0.34973788261413574,360,397,398,497,379.0,447.0
358,991,3,0.7822670340538025,160,335,313,398,236.5,366.5
358,981,3,0.4018755257129669,712,470,831,595,771.5,532.5
358,1022,3,0.5725337266921997,34,321,111,369,72.5,345.0
359,31,5,0.5430371165275574,780,370,1280,720,1030.0,545.0
359,908,3,0.7458977699279785,516,332,684,391,600.0,361.5
359,978,8,0.8067644834518433,228,278,517,375,372.5,326.5
359,979,0,0.30390992760658264,367,379,425,480,396.0,429.5
359,975,3,0.732451856136322,644,322,771,373,707.5,347.5
359,992,0,0.32844361662864685,360,397,398,496,379.0,446.5
359,991,3,0.7659751176834106,168,335,325,399,246.5,367.0
359,981,3,0.390426367521286,711,471,830,595,770.5,533.0
359,1022,3,0.6007344722747803,41,324,116,367,78.5,345.5
360,31,5,0.5798726081848145,779,361,1280,720,1029.5,540.5
360,908,3,0.7761251926422119,537,332,707,392,622.0,362.0
360,978,8,0.5549992918968201,229,278,524,376,376.5,327.0
360,975,3,0.7522134780883789,659,320,790,373,724.5,346.5
360,991,3,0.7776476144790649,180,336,339,399,259.5,367.5
360,1022,3,0.6975123882293701,45,322,127,368,86.0,345.0
360,427,8,0.38488516211509705,950,286,1164,358,1057.0,322.0
360,876,5,0.2590601146221161,418,419,835,658,626.5,538.5
361,31,5,0.33486542105674744,784,365,1280,720,1032.0,542.5
361,908,3,0.7337556481361389,551,332,721,392,636.0,362.0
361,978,8,0.6233826875686646,235,278,533,377,384.0,327.5
361,975,3,0.6861016154289246,674,321,803,371,738.5,346.0
361,991,3,0.6923298835754395,187,336,352,401,269.5,368.5
361,1022,3,0.7494258284568787,49,323,133,369,91.0,346.0
361,1043,5,0.42232581973075867,0,365,401,548,200.5,456.5
361,427,8,0.430509477853775,945,287,1163,359,1054.0,323.0
361,981,3,0.3066354990005493,715,471,832,595,773.5,533.0
362,31,5,0.5626074075698853,774,342,1280,720,1027.0,531.0
362,908,3,0.6458615064620972,573,331,747,392,660.0,361.5
362,978,8,0.25099873542785645,248,277,542,374,395.0,325.5
362,975,3,0.7187204957008362,691,319,828,373,759.5,346.0
362,991,3,0.7808266878128052,201,335,369,402,285.0,368.5
362,1022,3,0.7532580494880676,52,322,141,368,96.5,345.0
362,1043,5,0.40857353806495667,1,367,399,548,200.0,457.5
362,427,8,0.5141634941101074,946,287,1169,362,1057.5,324.5
362,1047,3,0.558134138584137,898,322,962,351,930.0,336.5
362,1019,3,0.3009117841720581,556,307,667,357,611.5,332.0
362,992,0,0.3254156708717346,360,390,403,502,381.5,446.0
363,31,5,0.26898193359375,777,341,1280,720,1028.5,530.5
363,908,3,0.6028895974159241,597,332,768,393,682.5,362.5
363,978,8,0.6224418878555298,245,277,546,375,395.5,326.0
363,975,3,0.7038026452064514,707,321,844,373,775.5,347.0
363,991,3,0.7979131937026978,212,336,379,401,295.5,368.5
363,1022,3,0.7540912628173828,55,321,147,368,101.0,344.5
363,1043,5,0.2695002853870392,0,370,383,546,191.5,458.0
363,1047,3,0.7277969717979431,895,321,960,351,927.5,336.0
364,31,5,0.36727315187454224,794,358,1280,720,1037.0,539.0
364,908,3,0.7576168775558472,618,331,792,394,705.0,362.5
364,975,3,0.772348940372467,728,320,871,374,799.5,347.0
364,991,3,0.8118680715560913,224,335,396,402,310.0,368.5
364,1022,3,0.6684433221817017,58,319,156,368,107.0,343.5
364,1047,3,0.45964598655700684,887,320,956,352,921.5,336.0
364,427,8,0.7995232939720154,942,285,1175,365,1058.5,325.0
365,31,5,0.4234504699707031,785,338,1280,720,1032.5,529.0
365,908,3,0.7600107192993164,629,331,806,395,717.5,363.0
365,975,3,0.7531198263168335,747,319,891,374,819.0,346.5
365,991,3,0.8201180100440979,235,336,408,403,321.5,369.5
365,1022,3,0.6286823749542236,60,318,164,370,112.0,344.0
365,1047,3,0.3412852883338928,882,319,954,352,918.0,335.5
365,427,8,0.847533106803894,944,284,1177,366,1060.5,325.0
365,978,8,0.3790474534034729,310,278,598,375,454.0,326.5
366,31,5,0.49492543935775757,792,341,1280,720,1036.0,530.5
366,908,3,0.7911809682846069,644,331,822,395,733.0,363.0
366,975,3,0.7335847616195679,773,319,920,374,846.5,346.5
366,991,3,0.7933313846588135,245,336,419,404,332.0,370.0
366,1022,3,0.36628276109695435,64,319,171,370,117.5,344.5
366,427,8,0.8185500502586365,944,283,1178,367,1061.0,325.0
366,978,8,0.46344754099845886,288,276,587,376,437.5,326.0
367,31,5,0.4558764100074768,792,340,1280,720,1036.0,530.0
367,908,3,0.8032992482185364,657,331,838,396,747.5,363.5
367,975,3,0.7131848931312561,791,319,941,374,866.0,346.5
367,991,3,0.7959470152854919,252,336,431,406,341.5,371.0
367,1022,3,0.4236857295036316,68,319,175,370,121.5,344.5
367,427,8,0.8172040581703186,945,283,1178,367,1061.5,325.0
368,31,5,0.4048466980457306,805,338,1280,720,1042.5,529.0
368,908,3,0.7121559381484985,676,331,859,397,767.5,364.0
368,975,3,0.6633785367012024,817,321,965,375,891.0,348.0
368,991,3,0.8214640617370605,267,335,442,404,354.5,369.5
368,1022,3,0.43146929144859314,74,319,179,368,126.5,343.5
368,427,8,0.7713626623153687,944,283,1176,367,1060.0,325.0
368,978,8,0.5326001048088074,283,275,587,375,435.0,325.0
369,31,5,0.5305525064468384,815,327,1280,720,1047.5,523.5
369,908,3,0.7743503451347351,691,331,877,397,784.0,364.0
369,975,3,0.6336666345596313,834,321,985,376,909.5,348.5
369,991,3,0.7762822508811951,277,336,446,403,361.5,369.5
369,1022,3,0.6296785473823547,78,319,183,368,130.5,343.5
369,427,8,0.7668970227241516,943,283,1175,367,1059.0,325.0
370,31,5,0.575161874294281,805,329,1280,720,1042.5,524.5
370,908,3,0.7926469445228577,711,332,900,398,805.5,365.0
370,975,3,0.4845069944858551,856,322,1009,376,932.5,349.0
370,991,3,0.8282515406608582,300,335,473,403,386.5,369.0
370,1022,3,0.35545453429222107,93,320,196,368,144.5,344.0
370,427,8,0.7454063892364502,946,284,1176,368,1061.0,326.0
370,1056,0,0.3121275305747986,0,413,23,529,11.5,471.0
370,992,0,0.2739926874637604,361,385,406,500,383.5,442.5
370,978,8,0.4014459550380707,306,281,591,375,448.5,328.0
371,31,5,0.5776979327201843,808,340,1280,720,1044.0,530.0
371,908,3,0.6297399401664734,729,332,921,399,825.0,365.5
371,991,3,0.7757949829101562,315,336,488,404,401.5,370.0
371,1022,3,0.45554298162460327,100,322,200,368,150.0,345.0
371,427,8,0.5360531806945801,944,284,1178,371,1061.0,327.5
371,1056,0,0.2953932285308838,0,414,23,528,11.5,471.0
371,1057,4,0.3531438708305359,101,322,200,369,150.5,345.5
372,31,5,0.38068753480911255,864,345,1280,720,1072.0,532.5
372,908,3,0.7788114547729492,749,330,948,400,848.5,365.0
372,991,3,0.6162964105606079,323,336,499,406,411.0,371.0
372,1022,3,0.3803737163543701,102,320,208,368,155.0,344.0
372,427,8,0.7149630188941956,923,287,1162,374,1042.5,330.5
372,1056,0,0.30018213391304016,0,414,24,529,12.0,471.5
372,1057,4,0.41923829913139343,101,321,204,370,152.5,345.5
373,31,5,0.38090038299560547,872,345,1280,720,1076.0,532.5
373,908,3,0.7413598299026489,761,327,970,400,865.5,363.5
373,991,3,0.5433531403541565,338,336,507,403,422.5,369.5
373,1022,3,0.5221493244171143,103,320,211,369,157.0,344.5
373,427,8,0.7132192254066467,916,291,1153,376,1034.5,333.5
373,1056,0,0.29356661438941956,0,413,23,529,11.5,471.0
373,1057,4,0.34039419889450073,104,320,207,369,155.5,344.5
374,31,5,0.5472686886787415,887,329,1280,720,1083.5,524.5
374,908,3,0.7616749405860901,781,325,999,401,890.0,363.0
374,991,3,0.3529960513114929,350,336,549,415,449.5,375.5
374,1022,3,0.6798665523529053,105,319,218,369,161.5,344.0
374,427,8,0.26049095392227173,923,294,1158,378,1040.5,336.0
374,1056,0,0.27202266454696655,0,412,24,528,12.0,470.0
374,876,5,0.46337181329727173,292,367,821,665,556.5,516.0
374,978,8,0.36323243379592896,302,277,603,378,452.5,327.5
375,31,5,0.5165860652923584,848,351,1280,720,1064.0,535.5
375,908,3,0.6162267327308655,801,326,1016,401,908.5,363.5
375,991,3,0.45515477657318115,366,336,566,415,466.0,375.5
375,1022,3,0.6059873700141907,107,319,220,369,163.5,344.0
375,427,8,0.2908688187599182,927,294,1169,383,1048.0,338.5
375,1056,0,0.28210771083831787,0,412,24,526,12.0,469.0
375,876,5,0.522731602191925,289,372,821,665,555.0,518.5
375,978,8,0.2558381259441376,305,277,607,380,456.0,328.5
375,975,3,0.3732531666755676,959,319,1142,383,1050.5,351.0
376,31,5,0.4188402593135834,848,374,1262,720,1055.0,547.0
376,908,3,0.5867700576782227,829,329,1038,400,933.5,364.5
376,991,3,0.5441800355911255,397,335,585,410,491.0,372.5
376,1022,3,0.6961009502410889,112,319,226,369,169.0,344.0
376,1056,1,0.3017667829990387,0,411,23,525,11.5,468.0
376,876,5,0.3182186782360077,285,374,821,664,553.0,519.0
376,978,8,0.44793614745140076,294,276,628,393,461.0,334.5
376,1066,3,0.6886880993843079,777,320,854,351,815.5,335.5
376,975,3,0.5722004175186157,981,321,1192,395,1086.5,358.0
377,31,5,0.4986679255962372,858,405,1242,720,1050.0,562.5
377,908,3,0.801154375076294,843,329,1058,402,950.5,365.5
377,991,3,0.6663566827774048,411,334,596,407,503.5,370.5
377,1022,3,0.746767520904541,113,319,232,370,172.5,344.5
377,1056,1,0.2989265024662018,0,411,23,527,11.5,469.0
377,876,5,0.48762744665145874,282,375,824,664,553.0,519.5
377,978,8,0.4396635890007019,308,275,621,386,464.5,330.5
377,1066,3,0.7281325459480286,770,319,849,351,809.5,335.0
377,975,3,0.39036041498184204,997,322,1226,403,1111.5,362.5
377,1068,0,0.3286897838115692,355,394,392,495,373.5,444.5
378,31,5,0.5350052714347839,842,382,1255,720,1048.5,551.0
378,908,3,0.6220966577529907,871,329,1094,404,982.5,366.5
378,991,3,0.43545642495155334,414,334,605,409,509.5,371.5
378,1022,4,0.6745521426200867,121,318,242,371,181.5,344.5
378,1056,1,0.2786259949207306,0,411,24,528,12.0,469.5
378,876,5,0.26712924242019653,270,368,829,664,549.5,516.0
378,978,8,0.3122904300689697,310,275,656,401,483.0,338.0
378,1066,3,0.7529864311218262,762,320,836,350,799.0,335.0
378,975,3,0.3111329674720764,1003,322,1232,401,1117.5,361.5
378,1068,0,0.36806732416152954,354,393,392,497,373.0,445.0
379,31,5,0.5388755202293396,824,350,1274,720,1049.0,535.0
379,908,3,0.3818337917327881,887,329,1110,403,998.5,366.0
379,991,3,0.335110068321228,414,334,606,409,510.0,371.5
379,1022,3,0.7627649307250977,126,317,249,370,187.5,343.5
379,1056,1,0.26458099484443665,0,411,24,528,12.0,469.5
379,876,5,0.6461865305900574,265,360,839,665,552.0,512.5
379,978,8,0.44092798233032227,310,275,653,404,481.5,339.5
379,1066,3,0.6381511688232422,755,322,826,350,790.5,336.0
379,1068,0,0.3191837668418884,354,393,391,497,372.5,445.0
380,31,5,0.6136265397071838,828,359,1269,720,1048.5,539.5
380,908,8,0.47243958711624146,915,330,1137,402,1026.0,366.0
380,991,3,0.7235572934150696,447,334,655,415,551.0,374.5
380,1022,3,0.6255929470062256,133,317,255,369,194.0,343.0
380,1056,1,0.27670159935951233,0,411,24,529,12.0,470.0
380,876,5,0.5377897620201111,270,366,835,664,552.5,515.0
380,978,8,0.36415114998817444,336,276,640,391,488.0,333.5
380,1066,3,0.67125403881073,745,322,816,349,780.5,335.5
380,1068,0,0.2989964187145233,353,392,392,498,372.5,445.0
380,1079,1,0.30601784586906433,0,412,60,536,30.0,474.0
380,1047,3,0.5964223742485046,863,324,925,352,894.0,338.0
380,427,3,0.5536839365959167,934,326,1145,400,1039.5,363.0
381,31,5,0.7039573788642883,831,366,1265,720,1048.0,543.0
381,908,3,0.7027115821838379,939,328,1168,401,1053.5,364.5
381,991,3,0.6986076235771179,466,333,682,417,574.0,375.0
381,1022,3,0.6771953105926514,139,317,261,370,200.0,343.5
381,1056,1,0.2828404903411865,0,411,24,530,12.0,470.5
381,876,5,0.49270081520080566,272,368,835,665,553.5,516.5
381,978,8,0.3316674530506134,347,276,631,386,489.0,331.0
381,1066,3,0.7037809491157532,738,322,809,350,773.5,336.0
381,1068,0,0.2951658368110657,353,392,392,500,372.5,446.0
381,1079,1,0.3410177528858185,0,411,60,536,30.0,473.5
381,1047,3,0.6961507797241211,859,324,924,351,891.5,337.5
382,31,5,0.6372963190078735,829,362,1267,720,1048.0,541.0
382,908,3,0.683781087398529,967,328,1207,403,1087.0,365.5
382,991,3,0.5293000340461731,490,332,712,419,601.0,375.5
382,1022,3,0.7684366703033447,145,318,267,370,206.0,344.0
382,1056,1,0.27053800225257874,0,411,24,529,12.0,470.0
382,876,5,0.4393303394317627,266,365,838,665,552.0,515.0
382,1066,3,0.6717553734779358,723,321,800,351,761.5,336.0
382,1068,0,0.28465017676353455,353,392,392,499,372.5,445.5
382,1079,1,0.34035006165504456,0,412,60,536,30.0,474.0
382,1047,3,0.6034419536590576,853,323,922,352,887.5,337.5
383,31,5,0.5571499466896057,840,386,1254,720,1047.0,553.0
383,908,3,0.5405063033103943,980,328,1226,404,1103.0,366.0
383,991,3,0.4754265546798706,505,331,734,421,619.5,376.0
383,1022,3,0.7854887247085571,150,318,273,370,211.5,344.0
383,1056,0,0.2575936019420624,0,411,24,529,12.0,470.0
383,876,5,0.6240361928939819,245,340,860,666,552.5,503.0
383,1066,3,0.6673083901405334,717,322,791,351,754.0,336.5
383,1068,0,0.2816525101661682,353,392,392,498,372.5,445.0
383,1079,1,0.3295137286186218,0,411,61,536,30.5,473.5
383,1047,3,0.6074473857879639,844,324,911,350,877.5,337.0
384,908,8,0.5603696703910828,987,329,1235,406,1111.0,367.5
384,991,3,0.29943469166755676,531,332,748,418,639.5,375.0
384,1022,3,0.811659574508667,157,317,280,369,218.5,343.0
384,1056,0,0.27369949221611023,0,413,24,528,12.0,470.5
384,876,5,0.655241847038269,261,359,844,667,552.5,513.0
384,1066,3,0.7200138568878174,717,322,788,350,752.5,336.0
384,1068,0,0.2664053440093994,353,392,391,495,372.0,443.5
384,1079,1,0.29050612449645996,2,416,63,541,32.5,478.5
384,1047,3,0.657138466835022,834,324,901,350,867.5,337.0
384,1088,3,0.41527464985847473,968,329,1258,406,1113.0,367.5
384,978,8,0.4198797643184662,367,278,621,377,494.0,327.5
385,908,3,0.5750870704650879,1011,329,1253,405,1132.0,367.0
385,991,3,0.3673781454563141,549,334,764,418,656.5,376.0
385,1022,3,0.7944634556770325,161,317,285,369,223.0,343.0
385,1056,0,0.2656722366809845,0,412,24,528,12.0,470.0
385,876,5,0.505496084690094,267,366,839,667,553.0,516.5
385,1066,3,0.5304219722747803,720,323,785,348,752.5,335.5
385,1068,0,0.27530092000961304,353,392,391,496,372.0,444.0
385,1079,1,0.3270028531551361,1,414,61,538,31.0,476.0
385,1047,3,0.6451524496078491,826,324,893,350,859.5,337.0
385,1091,8,0.8485708832740784,943,282,1168,364,1055.5,323.0
385,978,8,0.4450998306274414,370,279,621,377,495.5,328.0
385,31,5,0.25550544261932373,851,412,1239,720,1045.0,566.0
386,908,8,0.32216060161590576,1020,329,1280,415,1150.0,372.0
386,991,3,0.40376394987106323,572,331,797,420,684.5,375.5
386,1022,3,0.8012804985046387,169,317,294,370,231.5,343.5
386,1056,1,0.273253470659256,1,411,26,529,13.5,470.0
386,876,5,0.2659974694252014,269,364,841,664,555.0,514.0
386,1068,0,0.3060556948184967,353,392,392,500,372.5,446.0
386,1079,1,0.3850726783275604,0,412,61,537,30.5,474.5
386,1047,3,0.5825585126876831,815,324,883,350,849.0,337.0
386,1091,8,0.8789381980895996,948,285,1170,365,1059.0,325.0
386,978,8,0.2734983265399933,365,282,607,378,486.0,330.0
386,31,5,0.6194754242897034,830,374,1265,720,1047.5,547.0
387,908,8,0.33815884590148926,1028,330,1280,423,1154.0,376.5
387,991,3,0.35130369663238525,606,332,826,419,716.0,375.5
387,1022,3,0.8142996430397034,173,317,299,370,236.0,343.5
387,1056,0,0.27403610944747925,1,411,26,528,13.5,469.5
387,876,5,0.5214412808418274,272,366,841,664,556.5,515.0
387,1068,0,0.27663424611091614,352,392,392,501,372.0,446.5
387,1079,1,0.3710680603981018,0,412,61,536,30.5,474.0
387,1047,3,0.6206607222557068,808,324,876,350,842.0,337.0
387,1091,8,0.8856536149978638,951,285,1172,365,1061.5,325.0
387,31,5,0.519187331199646,822,358,1276,720,1049.0,539.0
388,991,3,0.6262971758842468,628,333,848,419,738.0,376.0
388,1022,3,0.8163270950317383,180,317,308,370,244.0,343.5
388,1056,1,0.2977394759654999,1,411,26,529,13.5,470.0
388,876,5,0.5696173906326294,269,362,845,664,557.0,513.0
388,1068,0,0.27646690607070923,352,392,393,503,372.5,447.5
388,1079,1,0.423759788274765,0,411,61,536,30.5,473.5
388,1047,3,0.5987826585769653,796,324,867,350,831.5,337.0
388,1091,8,0.8731008172035217,954,286,1176,366,1065.0,326.0
388,31,5,0.5774498581886292,818,350,1280,720,1049.0,535.0
388,1100,0,0.3260765075683594,407,343,463,436,435.0,389.5
389,991,3,0.5451284646987915,640,334,864,421,752.0,377.5
389,1022,3,0.8549279570579529,185,317,314,371,249.5,344.0
389,1056,1,0.286447137594223,1,411,27,528,14.0,469.5
389,876,5,0.5076661109924316,267,361,845,664,556.0,512.5
389,1068,0,0.29402151703834534,352,392,392,502,372.0,447.0
389,1079,1,0.4142567813396454,0,411,61,536,30.5,473.5
389,1047,3,0.5576992034912109,790,324,862,351,826.0,337.5
389,1091,8,0.8840760588645935,955,286,1177,366,1066.0,326.0
389,31,5,0.4417496621608734,826,363,1273,720,1049.5,541.5
389,1100,0,0.25809893012046814,407,343,462,435,434.5,389.0
389,908,3,0.5031070113182068,1054,328,1280,425,1167.0,376.5
390,1022,3,0.8156203627586365,191,316,322,371,256.5,343.5
390,1056,1,0.2773565649986267,2,411,28,528,15.0,469.5
390,876,5,0.6011530160903931,268,361,845,663,556.5,512.0
390,1068,0,0.2791200578212738,352,392,392,502,372.0,447.0
390,1079,1,0.39784952998161316,1,411,62,536,31.5,473.5
390,1047,3,0.45732298493385315,787,325,856,351,821.5,338.0
390,1091,8,0.9066587686538696,956,286,1181,367,1068.5,326.5
390,31,5,0.6006333827972412,825,361,1274,720,1049.5,540.5
391,1022,3,0.8109725117683411,198,317,327,371,262.5,344.0
391,1056,1,0.26157087087631226,3,411,30,528,16.5,469.5
391,876,5,0.5984721183776855,275,364,845,663,560.0,513.5
391,1068,0,0.2775087356567383,352,392,392,501,372.0,446.5
391,1079,1,0.3790777623653412,1,411,62,536,31.5,473.5
391,1091,8,0.9040640592575073,951,286,1176,367,1063.5,326.5
391,31,5,0.5498351454734802,825,362,1274,720,1049.5,541.0
391,1102,4,0.5406903624534607,331,306,422,347,376.5,326.5
391,991,8,0.4879395663738251,671,334,911,426,791.0,380.0
392,1022,3,0.8359835147857666,205,317,335,371,270.0,344.0
392,876,5,0.4674457311630249,289,369,851,664,570.0,516.5
392,1068,0,0.3007911145687103,352,391,392,503,372.0,447.0
392,1079,1,0.410281777381897,1,411,63,536,32.0,473.5
392,1091,8,0.8924497365951538,951,286,1176,367,1063.5,326.5
392,31,5,0.6387649178504944,828,368,1271,720,1049.5,544.0
392,1102,4,0.4334881603717804,328,305,418,347,373.0,326.0
392,991,8,0.4166514277458191,675,335,924,426,799.5,380.5
393,1022,3,0.8314090371131897,211,316,342,371,276.5,343.5
393,876,5,0.35323745012283325,280,364,849,663,564.5,513.5
393,1068,0,0.30016928911209106,352,391,392,503,372.0,447.0
393,1079,1,0.43018874526023865,1,411,64,536,32.5,473.5
393,1091,8,0.8933543562889099,961,287,1187,368,1074.0,327.5
393,31,5,0.47715044021606445,830,374,1267,720,1048.5,547.0
393,1102,4,0.3524194061756134,321,306,411,346,366.0,326.0
393,1107,3,0.48361149430274963,1197,349,1280,410,1238.5,379.5
394,1022,3,0.8230140209197998,218,316,351,372,284.5,344.0
394,876,5,0.39256376028060913,276,362,846,663,561.0,512.5
394,1068,0,0.31004178524017334,352,390,393,504,372.5,447.0
394,1079,1,0.4206242263317108,1,411,64,536,32.5,473.5
394,1091,8,0.9103055596351624,964,288,1185,366,1074.5,327.0
394,31,5,0.3554533123970032,831,377,1266,720,1048.5,548.5
394,1102,3,0.29242202639579773,314,305,403,346,358.5,325.5
394,1100,0,0.3872598111629486,406,341,465,441,435.5,391.0
394,991,3,0.3595585823059082,760,338,1002,424,881.0,381.0
395,1022,3,0.8200334310531616,223,316,355,372,289.0,344.0
395,876,5,0.407999724149704,292,375,842,664,567.0,519.5
395,1068,0,0.29156795144081116,352,391,392,501,372.0,446.0
395,1079,1,0.3597179353237152,1,411,64,535,32.5,473.0
395,1091,8,0.9167908430099487,958,287,1185,367,1071.5,327.0
395,31,5,0.31375089287757874,839,393,1258,720,1048.5,556.5
395,1102,3,0.3520127236843109,309,306,396,346,352.5,326.0
395,1114,0,0.3726211488246918,905,431,928,487,916.5,459.0
396,1022,3,0.8155973553657532,231,315,367,372,299.0,343.5
396,876,5,0.40354540944099426,303,377,848,664,575.5,520.5
396,1068,0,0.30214449763298035,352,390,393,506,372.5,448.0
396,1079,1,0.47674453258514404,1,411,64,535,32.5,473.0
396,1091,8,0.7401041388511658,948,286,1174,366,1061.0,326.0
396,31,5,0.570149302482605,838,392,1260,720,1049.0,556.0
396,1100,0,0.44467636942863464,404,341,468,448,436.0,394.5
397,1022,3,0.8001468777656555,237,315,374,372,305.5,343.5
397,876,5,0.32481813430786133,307,378,850,664,578.5,521.0
397,1068,0,0.29207131266593933,352,389,394,508,373.0,448.5
397,1079,1,0.4820933938026428,0,410,63,535,31.5,472.5
397,1091,8,0.6571711301803589,942,285,1171,367,1056.5,326.0
397,31,5,0.7657593488693237,830,380,1267,720,1048.5,550.0
397,1117,8,0.4593219757080078,538,272,847,384,692.5,328.0
397,1118,9,0.3139306902885437,0,405,83,542,41.5,473.5
397,1100,0,0.4336523711681366,404,341,469,451,436.5,396.0
397,991,3,0.4328434467315674,823,338,1101,436,962.0,387.0
397,1102,3,0.276381254196167,298,304,388,346,343.0,325.0
398,1022,3,0.8297694325447083,241,312,383,372,312.0,342.0
398,876,5,0.30282115936279297,305,377,851,664,578.0,520.5
398,1068,0,0.30722829699516296,353,390,394,506,373.5,448.0
398,1079,1,0.4609781801700592,0,410,63,535,31.5,472.5
398,1091,8,0.7444896697998047,936,285,1169,368,1052.5,326.5
398,31,5,0.6175512671470642,830,380,1268,720,1049.0,550.0
398,1117,8,0.4252890944480896,558,270,874,386,716.0,328.0
398,1118,9,0.30732834339141846,0,407,83,542,41.5,474.5
398,1100,0,0.338666170835495,404,341,467,448,435.5,394.5
398,991,3,0.515805184841156,848,336,1115,431,981.5,383.5
399,1022,3,0.812335193157196,245,311,390,373,317.5,342.0
399,1068,0,0.31788867712020874,353,391,393,504,373.0,447.5
399,1079,1,0.45707401633262634,0,411,63,535,31.5,473.0
399,1091,8,0.6298675537109375,929,282,1170,369,1049.5,325.5
399,31,5,0.5621433854103088,824,370,1274,720,1049.0,545.0
399,1118,9,0.32035204768180847,0,408,82,542,41.0,475.0
399,1100,0,0.26692306995391846,404,341,465,444,434.5,392.5
399,991,3,0.5072476267814636,860,335,1128,431,994.0,383.0
400,1022,3,0.8418741226196289,251,309,399,373,325.0,341.0
400,1068,0,0.3366463780403137,353,391,393,504,373.0,447.5
400,1079,1,0.45937004685401917,0,410,64,535,32.0,472.5
400,31,5,0.6176775097846985,824,370,1274,720,1049.0,545.0
400,1118,9,0.3582133948802948,0,408,82,542,41.0,475.0
400,1100,0,0.25552812218666077,405,341,464,439,434.5,390.0
400,991,3,0.6241112351417542,897,334,1154,426,1025.5,380.0
401,1022,3,0.8353826999664307,258,308,405,373,331.5,340.5
401,1068,0,0.34466657042503357,354,391,393,503,373.5,447.0
401,1079,1,0.45606550574302673,0,411,63,535,31.5,473.0
401,31,5,0.5225455164909363,833,387,1264,720,1048.5,553.5
401,1118,9,0.33440613746643066,0,408,82,542,41.0,475.0
401,991,3,0.29312142729759216,932,334,1172,418,1052.0,376.0
401,1117,8,0.47692152857780457,608,271,920,385,764.0,328.0
402,1022,3,0.8577276468276978,264,309,412,373,338.0,341.0
402,1068,0,0.32996559143066406,353,391,394,505,373.5,448.0
402,1079,1,0.49778127670288086,0,411,62,536,31.0,473.5
402,31,5,0.4057539701461792,838,400,1256,720,1047.0,560.0
402,1118,9,0.3304102122783661,0,408,83,543,41.5,475.5
402,1117,8,0.599706768989563,613,271,934,387,773.5,329.0
402,1088,3,0.3286415934562683,940,332,1280,430,1110.0,381.0
403,1022,3,0.8240543007850647,273,312,414,374,343.5,343.0
403,1068,0,0.33956921100616455,353,392,393,503,373.0,447.5
403,1079,1,0.4403136968612671,0,412,61,536,30.5,474.0
403,31,5,0.5384230613708496,832,390,1264,720,1048.0,555.0
403,1118,9,0.3006499409675598,1,411,82,543,41.5,477.0
403,1117,8,0.6948772072792053,577,271,901,387,739.0,329.0
403,1088,3,0.269365131855011,945,333,1280,433,1112.5,383.0
403,876,5,0.2647506892681122,336,394,860,672,598.0,533.0
403,1091,8,0.48799484968185425,932,285,1189,380,1060.5,332.5
404,1022,3,0.8213769793510437,287,314,422,374,354.5,344.0
404,1068,0,0.3339881896972656,354,392,393,500,373.5,446.0
404,1079,1,0.36307021975517273,0,414,59,535,29.5,474.5
404,31,5,0.34102723002433777,826,381,1270,720,1048.0,550.5
404,1118,9,0.2779631018638611,2,415,81,543,41.5,479.0
404,1117,8,0.4252311885356903,564,268,905,389,734.5,328.5
404,1124,3,0.4950396418571472,5,338,27,389,16.0,363.5
404,1126,0,0.3809638023376465,830,401,853,485,841.5,443.0
405,1022,3,0.7854647040367126,295,316,429,374,362.0,345.0
405,1068,0,0.3347000777721405,354,393,393,501,373.5,447.0
405,1079,1,0.39026114344596863,0,414,58,536,29.0,475.0
405,31,5,0.36273252964019775,821,373,1273,720,1047.0,546.5
405,1118,9,0.3100193738937378,2,415,81,543,41.5,479.0
405,1117,8,0.5737096667289734,575,269,913,388,744.0,328.5
405,1124,3,0.47873133420944214,8,335,29,386,18.5,360.5
405,1126,0,0.36965212225914,829,401,853,486,841.0,443.5
405,1102,3,0.42294052243232727,248,305,333,345,290.5,325.0
405,991,3,0.41438162326812744,1026,333,1280,429,1153.0,381.0
406,1022,3,0.8244071006774902,309,317,444,375,376.5,346.0
406,1068,0,0.2943044900894165,353,393,392,501,372.5,447.0
406,1079,1,0.36714065074920654,0,413,59,536,29.5,474.5
406,31,5,0.4305911958217621,814,368,1274,720,1044.0,544.0
406,1118,9,0.27561965584754944,1,413,82,543,41.5,478.0
406,1117,8,0.43755394220352173,587,268,939,392,763.0,330.0
406,1126,0,0.3593481183052063,829,401,853,487,841.0,444.0
406,1102,3,0.3800731301307678,244,305,323,343,283.5,324.0
406,991,3,0.42722341418266296,1062,337,1280,425,1171.0,381.0
406,876,5,0.3734673857688904,301,378,849,671,575.0,524.5
407,1022,3,0.802176833152771,315,317,457,377,386.0,347.0
407,1068,0,0.28691887855529785,353,393,392,501,372.5,447.0
407,1079,1,0.3250115215778351,0,412,59,536,29.5,474.0
407,31,5,0.42331844568252563,877,365,1280,720,1078.5,542.5
407,1117,8,0.4180706739425659,609,267,967,392,788.0,329.5
407,1126,0,0.3649994134902954,829,401,853,487,841.0,444.0
407,1102,3,0.29616230726242065,240,305,315,341,277.5,323.0
407,991,3,0.35814201831817627,1085,341,1280,428,1182.5,384.5
407,1129,4,0.47717323899269104,2,326,50,391,26.0,358.5
407,1130,3,0.4292573034763336,2,328,50,387,26.0,357.5
407,876,5,0.4200729429721832,302,378,848,671,575.0,524.5
408,1022,3,0.8561769723892212,320,316,465,377,392.5,346.5
408,1068,0,0.29578444361686707,353,393,392,499,372.5,446.0
408,1079,1,0.3251965045928955,0,414,59,536,29.5,475.0
408,1126,0,0.3437802791595459,830,401,853,485,841.5,443.0
408,1102,3,0.4033341407775879,232,305,308,341,270.0,323.0
408,1129,4,0.5045300722122192,9,329,59,396,34.0,362.5
408,1130,4,0.3301128149032593,0,328,46,388,23.0,358.0
408,1118,9,0.26669538021087646,1,414,82,543,41.5,478.5
409,1022,3,0.7876268029212952,324,316,469,377,396.5,346.5
409,1068,0,0.26032131910324097,353,394,392,499,372.5,446.5
409,1079,1,0.2818279266357422,0,413,60,536,30.0,474.5
409,1126,0,0.3962579369544983,830,401,853,484,841.5,442.5
409,1129,4,0.5005288124084473,13,330,60,392,36.5,361.0
409,1132,5,0.3393948972225189,0,335,455,540,227.5,437.5
409,1107,3,0.4043766260147095,1179,351,1272,415,1225.5,383.0
409,876,5,0.2878631055355072,294,384,840,677,567.0,530.5
410,1022,3,0.7196617126464844,329,317,475,378,402.0,347.5
410,1068,0,0.3064092695713043,353,393,392,501,372.5,447.0
410,1079,1,0.29782021045684814,0,412,61,536,30.5,474.0
410,1126,0,0.35589665174484253,829,401,853,485,841.0,443.0
410,1129,3,0.36464256048202515,13,328,63,392,38.0,360.0
410,1132,5,0.3272162079811096,0,330,461,539,230.5,434.5
410,1134,5,0.377954363822937,765,281,1173,389,969.0,335.0
410,876,5,0.3731776475906372,304,384,847,673,575.5,528.5
410,1100,0,0.25753724575042725,408,346,462,436,435.0,391.0
410,31,5,0.33242690563201904,916,371,1280,719,1098.0,545.0
410,1117,8,0.6676949858665466,702,275,1054,392,878.0,333.5
411,1022,3,0.7885387539863586,337,317,479,376,408.0,346.5
411,1068,0,0.30614587664604187,353,393,392,500,372.5,446.5
411,1079,1,0.2935834228992462,0,411,61,536,30.5,473.5
411,1126,0,0.31987178325653076,829,401,853,486,841.0,443.5
411,1129,3,0.3907266855239868,14,328,62,388,38.0,358.0
411,1134,5,0.44672003388404846,779,281,1170,384,974.5,332.5
411,876,5,0.2936818599700928,340,387,909,678,624.5,532.5
411,1100,0,0.3348693251609802,408,346,461,434,434.5,390.0
411,1117,8,0.3547397255897522,705,275,1074,391,889.5,333.0
412,1022,3,0.8088056445121765,344,316,488,377,416.0,346.5
412,1068,0,0.34186244010925293,353,393,393,501,373.0,447.0
412,1079,1,0.3137964606285095,0,410,62,536,31.0,473.0
412,1126,0,0.2553204596042633,829,401,853,486,841.0,443.5
412,1129,3,0.6317123174667358,12,326,63,388,37.5,357.0
412,1134,5,0.4151887595653534,804,280,1187,382,995.5,331.0
412,876,5,0.3365209698677063,312,388,866,672,589.0,530.0
412,1100,0,0.30710652470588684,405,349,458,436,431.5,392.5
412,1117,8,0.6721382737159729,706,275,1091,392,898.5,333.5
412,1118,9,0.25221017003059387,0,408,84,543,42.0,475.5
412,1132,5,0.2525709569454193,0,331,442,540,221.0,435.5
412,31,5,0.44932112097740173,843,369,1274,719,1058.5,544.0
413,1022,3,0.8194670677185059,352,316,496,377,424.0,346.5
413,1068,0,0.2942892611026764,353,393,392,499,372.5,446.0
413,1079,1,0.2881135046482086,0,411,61,536,30.5,473.5
413,1126,0,0.27739250659942627,830,401,853,484,841.5,442.5
413,1129,3,0.530998706817627,11,325,63,386,37.0,355.5
413,1134,5,0.4806055724620819,810,285,1196,388,1003.0,336.5
413,876,5,0.2688330411911011,306,391,866,677,586.0,534.0
413,1117,8,0.4818404018878937,712,278,1098,390,905.0,334.0
413,31,5,0.37795156240463257,901,375,1280,719,1090.5,547.0
414,1022,3,0.8076816201210022,359,317,503,377,431.0,347.0
414,1068,0,0.3199489712715149,353,393,392,498,372.5,445.5
414,1079,1,0.2828373908996582,0,411,61,536,30.5,473.5
414,1126,0,0.2617529034614563,830,401,853,484,841.5,442.5
414,1129,3,0.5026885867118835,13,324,67,387,40.0,355.5
414,1134,5,0.37718987464904785,781,281,1188,391,984.5,336.0
414,876,5,0.30041056871414185,299,392,847,671,573.0,531.5
414,1117,8,0.5807633399963379,691,277,1100,392,895.5,334.5
414,31,5,0.3091631233692169,854,366,1277,719,1065.5,542.5
415,1022,3,0.7916430830955505,367,316,510,376,438.5,346.0
415,1068,0,0.328848659992218,353,393,392,497,372.5,445.0
415,1079,1,0.2675073742866516,0,410,61,536,30.5,473.0
415,1126,0,0.28471699357032776,830,401,853,484,841.5,442.5
415,1129,3,0.5812907218933105,24,324,84,389,54.0,356.5
415,876,5,0.4260530471801758,293,390,841,668,567.0,529.0
415,1117,8,0.6095632314682007,666,273,1101,392,883.5,332.5
415,31,5,0.4942695200443268,833,358,1269,719,1051.0,538.5
415,1144,3,0.42039090394973755,1184,322,1278,352,1231.0,337.0
415,1100,0,0.2758256196975708,404,351,455,435,429.5,393.0
416,1022,3,0.8240256309509277,375,316,521,377,448.0,346.5
416,1068,0,0.30392909049987793,353,392,392,498,372.5,445.0
416,1126,0,0.2712722420692444,830,402,853,485,841.5,443.5
416,1129,3,0.7384485006332397,28,325,95,392,61.5,358.5
416,876,5,0.5286034941673279,293,390,840,667,566.5,528.5
416,1117,8,0.6408676505088806,663,269,1109,392,886.0,330.5
416,31,5,0.48913195729255676,830,364,1262,719,1046.0,541.5
416,1144,3,0.3900245130062103,1190,325,1279,353,1234.5,339.0
417,1022,3,0.8334165215492249,381,316,526,377,453.5,346.5
417,1068,0,0.2889694571495056,353,392,392,497,372.5,444.5
417,1126,0,0.27188047766685486,829,402,852,485,840.5,443.5
417,876,5,0.46204254031181335,280,385,835,666,557.5,525.5
417,1117,8,0.6054742336273193,655,268,1106,392,880.5,330.0
417,1144,3,0.3216218650341034,1187,326,1280,355,1233.5,340.5
418,1022,3,0.8207149505615234,387,316,536,379,461.5,347.5
418,1068,0,0.2765529453754425,353,392,392,496,372.5,444.0
418,1126,0,0.25915640592575073,829,402,852,484,840.5,443.0
418,876,5,0.5374284386634827,275,383,834,666,554.5,524.5
418,1117,8,0.7113426923751831,678,268,1131,392,904.5,330.0
418,1129,3,0.5529254078865051,14,327,79,390,46.5,358.5
418,31,5,0.47203123569488525,832,371,1259,719,1045.5,545.0
419,1022,3,0.7857759594917297,393,317,543,380,468.0,348.5
419,876,5,0.4887278079986572,273,383,833,665,553.0,524.0
419,1117,8,0.5607032775878906,695,271,1139,392,917.0,331.5
419,1129,3,0.7057355046272278,32,328,105,392,68.5,360.0
419,31,5,0.5673361420631409,830,370,1261,719,1045.5,544.5
419,1079,1,0.2505834698677063,0,411,61,536,30.5,473.5
420,1022,3,0.7378464341163635,402,317,554,381,478.0,349.0
420,876,5,0.326986163854599,272,383,832,666,552.0,524.5
420,1129,3,0.7364935278892517,40,327,121,392,80.5,359.5
420,31,5,0.7234300971031189,829,369,1264,719,1046.5,544.0
420,1134,8,0.6643062233924866,745,282,1171,395,958.0,338.5
420,1068,0,0.25330376625061035,353,391,393,499,373.0,445.0
420,1126,0,0.2893467843532562,830,403,852,483,841.0,443.0
421,1022,3,0.7941716313362122,407,316,562,382,484.5,349.0
421,876,5,0.4772173762321472,271,382,835,666,553.0,524.0
421,1129,3,0.7162061929702759,47,327,135,391,91.0,359.0
421,31,5,0.7802767157554626,826,364,1267,719,1046.5,541.5
421,1134,8,0.5911809206008911,731,278,1172,396,951.5,337.0
421,1068,0,0.2796784043312073,353,391,394,500,373.5,445.5
421,1118,9,0.26757314801216125,0,412,82,544,41.0,478.0
421,1079,1,0.2893097400665283,0,410,60,537,30.0,473.5
422,1022,3,0.7089136838912964,413,316,568,382,490.5,349.0
422,876,5,0.6351322531700134,271,382,835,667,553.0,524.5
422,1129,3,0.78867506980896,55,327,148,391,101.5,359.0
422,1134,8,0.28914347290992737,718,270,1209,402,963.5,336.0
422,1068,0,0.2522829473018646,353,391,393,498,373.0,444.5
422,1102,3,0.4500504732131958,144,305,221,340,182.5,322.5
422,1126,0,0.30484119057655334,830,403,852,481,841.0,442.0
423,1022,3,0.7117013931274414,415,317,571,382,493.0,349.5
423,876,5,0.6733943223953247,272,382,837,666,554.5,524.0
423,1129,3,0.7025097012519836,58,328,158,392,108.0,360.0
423,1102,3,0.3825390934944153,142,305,220,341,181.0,323.0
423,1126,0,0.3226526975631714,830,403,852,480,841.0,441.5
423,31,5,0.40422964096069336,832,378,1260,719,1046.0,548.5
423,1118,9,0.28168532252311707,1,415,82,544,41.5,479.5
424,1022,3,0.4668371379375458,417,317,577,383,497.0,350.0
424,876,5,0.7648304104804993,273,381,839,666,556.0,523.5
424,1129,3,0.7565383911132812,68,328,171,391,119.5,359.5
424,1126,0,0.28962984681129456,830,403,852,478,841.0,440.5
424,31,5,0.6636796593666077,832,379,1261,719,1046.5,549.0
424,1118,9,0.26049792766571045,1,417,81,544,41.0,480.5
425,1022,3,0.3830198645591736,417,318,582,384,499.5,351.0
425,876,5,0.7830086350440979,272,380,838,666,555.0,523.0
425,1129,3,0.7096418142318726,71,329,178,390,124.5,359.5
425,1126,0,0.26071542501449585,830,403,852,478,841.0,440.5
425,31,5,0.5985978841781616,833,384,1260,719,1046.5,551.5
425,1160,3,0.5658971667289734,30,324,151,363,90.5,343.5
425,1102,3,0.34885069727897644,130,305,210,341,170.0,323.0
426,1022,3,0.37798094749450684,424,317,594,385,509.0,351.0
426,876,5,0.7258451581001282,274,383,834,666,554.0,524.5
426,1129,3,0.7810916304588318,77,328,193,391,135.0,359.5
426,31,5,0.3023760914802551,845,408,1249,719,1047.0,563.5
426,1162,3,0.5040599703788757,386,322,467,351,426.5,336.5
426,1102,3,0.3403036296367645,115,306,202,345,158.5,325.5
427,1022,3,0.6910416483879089,429,317,596,383,512.5,350.0
427,876,5,0.7437165379524231,273,383,833,665,553.0,524.0
427,1129,3,0.7736840844154358,82,327,204,392,143.0,359.5
427,31,5,0.5848645567893982,822,369,1274,719,1048.0,544.0
427,1162,3,0.45704323053359985,379,320,466,352,422.5,336.0
427,1068,0,0.2556244432926178,353,390,394,499,373.5,444.5
427,1118,9,0.26714399456977844,0,414,81,544,40.5,479.0
428,1022,3,0.6898280382156372,446,317,610,383,528.0,350.0
428,876,5,0.7114256620407104,271,383,832,666,551.5,524.5
428,1129,3,0.8000202775001526,100,328,225,392,162.5,360.0
428,31,5,0.3808285593986511,836,397,1259,719,1047.5,558.0
428,1162,3,0.6184458136558533,370,321,451,350,410.5,335.5
428,1167,3,0.6241476535797119,746,323,798,348,772.0,335.5
428,1068,0,0.2569131851196289,353,390,394,498,373.5,444.0
428,1118,9,0.2709035575389862,0,414,81,544,40.5,479.0
429,1022,3,0.6395538449287415,453,317,614,382,533.5,349.5
429,876,5,0.6851049661636353,266,378,835,665,550.5,521.5
429,1129,3,0.8192623853683472,108,328,235,393,171.5,360.5
429,31,5,0.5977441668510437,830,389,1265,719,1047.5,554.0
429,1162,3,0.5992382764816284,364,320,444,349,404.0,334.5
429,1167,3,0.5738346576690674,738,322,793,348,765.5,335.0
429,1068,0,0.28255370259284973,352,390,394,498,373.0,444.0
429,1102,3,0.28927069902420044,98,305,182,344,140.0,324.5
430,1022,3,0.690523624420166,457,317,612,381,534.5,349.0
430,876,5,0.5178185105323792,257,370,836,665,546.5,517.5
430,1129,3,0.8421022891998291,114,329,244,394,179.0,361.5
430,31,5,0.6331005096435547,810,357,1280,719,1045.0,538.0
430,1162,3,0.382466197013855,356,321,432,348,394.0,334.5
430,1167,3,0.5787274241447449,707,320,771,350,739.0,335.0
430,1068,0,0.30709943175315857,352,390,394,498,373.0,444.0
431,1022,3,0.6253244280815125,475,317,624,380,549.5,348.5
431,876,5,0.5149248838424683,259,372,833,664,546.0,518.0
431,1129,3,0.84505695104599,119,329,254,395,186.5,362.0
431,31,5,0.36780664324760437,820,375,1273,719,1046.5,547.0
431,1162,3,0.44223588705062866,351,321,424,347,387.5,334.0
431,1167,4,0.3117862939834595,693,319,761,351,727.0,335.0
431,1068,0,0.3181799054145813,352,390,393,496,372.5,443.0
432,1022,3,0.613736093044281,505,323,647,382,576.0,352.5
432,876,5,0.2698372006416321,248,371,820,665,534.0,518.0
432,1129,3,0.8399849534034729,123,330,261,395,192.0,362.5
432,31,5,0.3905947804450989,821,382,1268,719,1044.5,550.5
432,1162,3,0.5724891424179077,343,322,415,348,379.0,335.0
432,1167,3,0.34741342067718506,684,320,753,353,718.5,336.5
432,1068,0,0.3228786587715149,352,390,393,496,372.5,443.0
433,1022,3,0.6622542142868042,514,322,662,383,588.0,352.5
433,1129,3,0.8249247670173645,137,330,277,395,207.0,362.5
433,31,5,0.5931763648986816,814,368,1278,719,1046.0,543.5
433,1162,3,0.647323489189148,339,322,409,347,374.0,334.5
433,1068,0,0.3149566352367401,352,390,393,495,372.5,442.5
434,1022,3,0.4024539291858673,527,323,675,384,601.0,353.5
434,1129,3,0.8320791125297546,151,330,292,395,221.5,362.5
434,31,5,0.7418218851089478,814,368,1278,719,1046.0,543.5
434,1162,3,0.6624032855033875,332,322,402,347,367.0,334.5
434,1068,0,0.32765254378318787,351,391,392,493,371.5,442.0
434,1181,3,0.48586955666542053,99,326,180,360,139.5,343.0
434,876,5,0.2858999967575073,250,368,827,667,538.5,517.5
435,1022,3,0.5766139030456543,534,322,687,384,610.5,353.0
435,1129,3,0.8419536352157593,161,331,302,395,231.5,363.0
435,31,5,0.8154151439666748,815,367,1279,719,1047.0,543.0
435,1162,3,0.6983380913734436,327,322,395,347,361.0,334.5
435,1068,0,0.3664219081401825,351,390,391,492,371.0,441.0
435,1181,3,0.5457028150558472,111,326,192,360,151.5,343.0
436,1022,3,0.6825284957885742,540,319,702,384,621.0,351.5
436,1129,3,0.8524739742279053,171,331,315,396,243.0,363.5
436,31,5,0.834899365901947,814,366,1279,719,1046.5,542.5
436,1162,3,0.6376714110374451,319,322,388,346,353.5,334.0
436,1068,0,0.3751322329044342,351,390,391,493,371.0,441.5
436,1181,3,0.6643514633178711,124,326,204,360,164.0,343.0
437,1022,3,0.5535071492195129,548,319,711,384,629.5,351.5
437,1129,3,0.8456997871398926,178,331,325,397,251.5,364.0
437,31,5,0.8059032559394836,815,368,1279,719,1047.0,543.5
437,1162,3,0.6665334701538086,311,322,380,347,345.5,334.5
437,1068,0,0.40049973130226135,351,390,391,493,371.0,441.5
437,1181,3,0.6521500945091248,130,327,210,360,170.0,343.5
437,1183,3,0.4002076983451843,462,325,538,357,500.0,341.0
437,1118,0,0.2649073302745819,0,417,72,544,36.0,480.5
438,1022,3,0.587515115737915,558,317,726,385,642.0,351.0
438,1129,3,0.8534598350524902,186,331,337,398,261.5,364.5
438,31,5,0.8291480541229248,815,367,1279,719,1047.0,543.0
438,1162,3,0.6001089215278625,299,322,374,349,336.5,335.5
438,1068,0,0.3861325681209564,351,389,391,494,371.0,441.5
438,1181,3,0.3586464822292328,148,326,235,362,191.5,344.0
438,1118,1,0.29091572761535645,0,417,66,544,33.0,480.5
438,1079,0,0.2975195646286011,0,417,60,542,30.0,479.5
439,1022,3,0.391048789024353,564,317,736,386,650.0,351.5
439,1129,3,0.8461053967475891,197,331,349,398,273.0,364.5
439,31,5,0.7463787794113159,813,366,1278,719,1045.5,542.5
439,1162,3,0.6289819478988647,297,322,369,348,333.0,335.0
439,1068,0,0.3738572597503662,350,388,391,494,370.5,441.0
439,1181,3,0.433987557888031,153,326,244,363,198.5,344.5
439,1118,1,0.32690757513046265,0,418,61,543,30.5,480.5
439,1079,0,0.31082040071487427,0,418,57,541,28.5,479.5
440,1022,3,0.5517105460166931,572,316,754,390,663.0,353.0
440,1129,3,0.8647640943527222,208,330,364,398,286.0,364.0
440,31,5,0.7457289695739746,808,363,1278,719,1043.0,541.0
440,1162,3,0.47359755635261536,287,323,373,354,330.0,338.5
440,1068,0,0.3427444398403168,351,383,396,498,373.5,440.5
440,1181,3,0.5015859603881836,153,324,248,363,200.5,343.5
440,1118,0,0.28738895058631897,0,418,61,541,30.5,479.5
440,1079,1,0.33876147866249084,0,418,56,541,28.0,479.5
440,1187,0,0.3340838551521301,399,344,464,435,431.5,389.5
441,1022,3,0.36244797706604004,593,316,775,391,684.0,353.5
441,1129,3,0.8502773642539978,217,329,376,398,296.5,363.5
441,31,5,0.7932203412055969,807,362,1278,719,1042.5,540.5
441,1068,0,0.35703885555267334,351,382,397,498,374.0,440.0
441,1181,3,0.4674350321292877,160,324,259,364,209.5,344.0
441,1118,0,0.2823238968849182,0,418,60,539,30.0,478.5
441,1079,1,0.3604173958301544,0,418,55,541,27.5,479.5
441,1187,0,0.2902054786682129,399,343,464,435,431.5,389.0
442,1022,3,0.4690757989883423,609,317,788,392,698.5,354.5
442,1129,3,0.8508097529411316,227,328,391,399,309.0,363.5
442,31,5,0.5450913310050964,809,372,1269,719,1039.0,545.5
442,1068,0,0.2962532639503479,350,384,393,494,371.5,439.0
442,1181,3,0.39065971970558167,172,324,272,365,222.0,344.5
442,1118,0,0.2814028859138489,0,418,59,538,29.5,478.0
442,1079,1,0.37032389640808105,0,418,54,540,27.0,479.0
442,1191,0,0.32522958517074585,962,464,1008,567,985.0,515.5
443,1022,3,0.7460224628448486,616,316,800,393,708.0,354.5
443,1129,3,0.8743870854377747,237,327,403,400,320.0,363.5
443,31,5,0.7352078557014465,809,368,1274,719,1041.5,543.5
443,1068,0,0.2910314202308655,350,387,392,494,371.0,440.5
443,1181,3,0.44613412022590637,178,324,288,368,233.0,346.0
443,1118,0,0.2672818899154663,0,418,58,538,29.0,478.0
443,1079,1,0.3724060356616974,0,418,52,539,26.0,478.5
443,1191,0,0.2768617570400238,961,465,1008,569,984.5,517.0
443,1187,0,0.3472517132759094,403,342,468,435,435.5,388.5
444,1022,3,0.7822268009185791,624,316,811,394,717.5,355.0
444,1129,3,0.843161940574646,249,328,413,400,331.0,364.0
444,31,5,0.6609096527099609,813,371,1276,719,1044.5,545.0
444,1068,0,0.31170791387557983,349,384,392,495,370.5,439.5
444,1181,3,0.5374817252159119,197,325,310,370,253.5,347.5
444,1079,1,0.4068920910358429,0,419,51,538,25.5,478.5
444,1187,0,0.4702524244785309,403,342,469,436,436.0,389.0
445,1022,3,0.7982362508773804,630,316,818,395,724.0,355.5
445,1129,3,0.8080915212631226,258,328,423,400,340.5,364.0
445,31,5,0.6403794884681702,814,376,1272,719,1043.0,547.5
445,1068,0,0.32771536707878113,348,382,391,494,369.5,438.0
445,1079,1,0.3830231726169586,0,419,51,538,25.5,478.5
445,1187,0,0.5478751063346863,404,343,469,437,436.5,390.0
445,1196,9,0.31128984689712524,0,463,77,543,38.5,503.0
445,1191,0,0.25019270181655884,958,463,1009,575,983.5,519.0
446,1022,3,0.7993358969688416,642,316,832,396,737.0,356.0
446,1129,3,0.7936679124832153,277,330,439,400,358.0,365.0
446,31,5,0.52536541223526,813,382,1267,719,1040.0,550.5
446,1068,0,0.33777308464050293,349,382,391,493,370.0,437.5
446,1079,1,0.42010509967803955,0,419,50,539,25.0,479.0
446,1187,0,0.4512155055999756,405,344,468,436,436.5,390.0
446,1196,9,0.3268045485019684,0,464,76,543,38.0,503.5
446,1191,0,0.25263264775276184,958,462,1008,573,983.0,517.5
446,1102,3,0.42765453457832336,0,304,73,340,36.5,322.0
446,1181,3,0.47195565700531006,215,325,339,373,277.0,349.0
447,1022,3,0.7063018083572388,653,316,846,397,749.5,356.5
447,1129,3,0.8448292016983032,288,331,449,400,368.5,365.5
447,1068,0,0.3488208055496216,349,382,391,491,370.0,436.5
447,1079,1,0.4883415400981903,0,420,48,538,24.0,479.0
447,1187,0,0.301609069108963,404,344,466,436,435.0,390.0
447,1196,9,0.33020156621932983,0,460,78,544,39.0,502.0
447,1191,0,0.29357731342315674,959,462,1008,572,983.5,517.0
447,1102,3,0.35570013523101807,0,305,70,340,35.0,322.5
447,1181,3,0.5821152329444885,221,324,333,367,277.0,345.5
448,1022,3,0.7467447519302368,669,317,864,398,766.5,357.5
448,1129,3,0.8635238409042358,300,330,464,401,382.0,365.5
448,1068,0,0.32641923427581787,350,385,390,491,370.0,438.0
448,1079,1,0.4670243263244629,0,420,47,537,23.5,478.5
448,1196,9,0.3369055390357971,0,459,77,543,38.5,501.0
448,1102,3,0.3767390251159668,0,304,68,339,34.0,321.5
448,1181,3,0.45470884442329407,234,324,342,365,288.0,344.5
448,31,5,0.3598189651966095,816,391,1261,720,1038.5,555.5
449,1022,3,0.6281833648681641,680,317,876,398,778.0,357.5
449,1129,3,0.8733052611351013,310,330,477,401,393.5,365.5
449,1068,0,0.30113619565963745,349,387,390,493,369.5,440.0
449,1079,1,0.4268730580806732,0,420,48,538,24.0,479.0
449,1196,9,0.32368847727775574,0,455,79,544,39.5,499.5
449,1102,3,0.2922946512699127,0,304,68,339,34.0,321.5
449,1181,3,0.5354390740394592,237,324,347,366,292.0,345.0
449,31,5,0.623975932598114,806,376,1272,720,1039.0,548.0
450,1022,8,0.5502432584762573,694,317,898,400,796.0,358.5
450,1129,3,0.838677704334259,319,327,494,402,406.5,364.5
450,1196,9,0.35814884305000305,0,430,88,542,44.0,486.0
450,1181,3,0.389545202255249,243,323,375,374,309.0,348.5
450,31,5,0.6474876403808594,803,367,1280,720,1041.5,543.5
450,1191,0,0.2759157419204712,960,457,1008,565,984.0,511.0
451,1022,8,0.42814478278160095,708,317,913,400,810.5,358.5
451,1129,3,0.8513448238372803,328,328,502,402,415.0,365.0
451,1196,9,0.32588329911231995,0,421,91,541,45.5,481.0
451,1181,3,0.6330142021179199,252,325,368,369,310.0,347.0
451,31,5,0.3645291030406952,875,372,1280,720,1077.5,546.0
451,1207,8,0.3939346373081207,946,293,1106,367,1026.0,330.0
451,1209,3,0.3999488055706024,702,318,917,401,809.5,359.5
451,1068,0,0.27427658438682556,350,387,390,492,370.0,439.5
452,1022,3,0.7885416746139526,722,316,936,402,829.0,359.0
452,1129,3,0.8242425322532654,343,328,517,403,430.0,365.5
452,1181,3,0.6425919532775879,263,324,373,367,318.0,345.5
452,31,5,0.3839503824710846,892,374,1280,720,1086.0,547.0
452,1207,8,0.4619233310222626,950,290,1118,368,1034.0,329.0
452,1068,0,0.3424836993217468,349,384,391,492,370.0,438.0
452,1079,1,0.278899610042572,0,413,50,536,25.0,474.5
452,1191,0,0.27287596464157104,958,455,1007,565,982.5,510.0
453,1022,3,0.8438352346420288,735,316,954,403,844.5,359.5
453,1129,3,0.7938944697380066,349,327,529,404,439.0,365.5
453,1181,3,0.4787116050720215,274,325,396,372,335.0,348.5
453,31,5,0.600990891456604,853,384,1280,720,1066.5,552.0
453,1207,8,0.5027145743370056,956,291,1125,368,1040.5,329.5
453,1068,0,0.4415156841278076,348,381,391,494,369.5,437.5
453,1079,1,0.2779994606971741,0,411,51,536,25.5,473.5
453,1191,0,0.2970770597457886,958,455,1007,568,982.5,511.5
454,1022,3,0.8652518391609192,754,315,977,404,865.5,359.5
454,1129,3,0.797518789768219,362,326,548,406,455.0,366.0
454,1181,3,0.5125977396965027,283,325,398,370,340.5,347.5
454,31,5,0.6814237833023071,829,382,1267,720,1048.0,551.0
454,1207,8,0.7414436936378479,959,290,1133,369,1046.0,329.5
454,1068,0,0.4238019585609436,348,381,392,495,370.0,438.0
454,1191,0,0.2860710620880127,958,455,1007,567,982.5,511.0
455,1022,3,0.8588765859603882,768,315,995,405,881.5,360.0
455,1129,3,0.7780084013938904,374,328,555,406,464.5,367.0
455,1181,3,0.6476358771324158,296,324,407,368,351.5,346.0
455,31,5,0.7459043860435486,818,378,1263,720,1040.5,549.0
455,1207,8,0.5918995141983032,961,289,1138,369,1049.5,329.0
455,1068,0,0.3536193370819092,349,384,391,495,370.0,439.5
455,1191,0,0.30254077911376953,958,455,1007,566,982.5,510.5
456,1022,3,0.7894972562789917,788,315,1021,407,904.5,361.0
456,1129,3,0.6842660903930664,386,328,572,408,479.0,368.0
456,1181,3,0.6880796551704407,310,323,420,366,365.0,344.5
456,31,5,0.7456293106079102,811,378,1261,720,1036.0,549.0
456,1207,8,0.650583028793335,958,289,1137,369,1047.5,329.0
456,1068,0,0.3444436490535736,349,386,391,497,370.0,441.5
456,1191,0,0.37791773676872253,958,456,1007,565,982.5,510.5
456,1221,3,0.4753858745098114,0,333,76,408,38.0,370.5
456,1187,0,0.44518136978149414,395,346,453,435,424.0,390.5
457,1022,3,0.8532378673553467,802,316,1039,408,920.5,362.0
457,1129,3,0.6723552346229553,395,327,586,409,490.5,368.0
457,1181,3,0.6089624762535095,318,323,429,366,373.5,344.5
457,31,5,0.7129611968994141,809,377,1263,720,1036.0,548.5
457,1207,8,0.5783854126930237,955,290,1135,369,1045.0,329.5
457,1068,0,0.3532763123512268,349,387,391,498,370.0,442.5
457,1191,0,0.3655635118484497,958,455,1006,565,982.0,510.0
457,1221,3,0.4005567729473114,0,332,80,405,40.0,368.5
457,1222,3,0.3670858144760132,1003,511,1279,720,1141.0,615.5
458,1022,3,0.7762513160705566,823,317,1067,411,945.0,364.0
458,1129,3,0.7513913512229919,407,326,599,408,503.0,367.0
458,1181,3,0.6728676557540894,332,324,444,366,388.0,345.0
458,31,5,0.7060689330101013,811,383,1262,720,1036.5,551.5
458,1068,0,0.3434032201766968,349,387,391,498,370.0,442.5
458,1191,0,0.4153721332550049,958,454,1006,564,982.0,509.0
458,1221,3,0.4181482791900635,0,332,73,399,36.5,365.5
458,1222,3,0.3040325939655304,1004,512,1279,720,1141.5,616.0
459,1022,3,0.8038442730903625,843,317,1086,409,964.5,363.0
459,1129,3,0.8085582256317139,413,325,606,408,509.5,366.5
459,1181,3,0.6839478611946106,339,323,453,367,396.0,345.0
459,31,5,0.6907017230987549,814,385,1265,720,1039.5,552.5
459,1068,0,0.3557707369327545,348,387,391,498,369.5,442.5
459,1191,0,0.40236756205558777,958,455,1006,564,982.0,509.5
459,1222,3,0.2757967412471771,1004,513,1278,720,1141.0,616.5
460,1022,3,0.6342582106590271,867,318,1116,411,991.5,364.5
460,1129,3,0.8233379125595093,414,326,605,409,509.5,367.5
460,1181,3,0.6156898736953735,349,323,465,366,407.0,344.5
460,31,5,0.7343273758888245,819,387,1268,720,1043.5,553.5
460,1068,0,0.38354092836380005,348,386,392,500,370.0,443.0
460,1191,0,0.4114283621311188,958,456,1005,565,981.5,510.5
460,1222,3,0.2811659574508667,1004,513,1278,720,1141.0,616.5
461,1022,8,0.6643336415290833,882,317,1137,411,1009.5,364.0
461,1129,3,0.7935373783111572,430,328,614,409,522.0,368.5
461,1181,3,0.6952542066574097,353,323,471,367,412.0,345.0
461,31,5,0.6713055968284607,822,389,1269,720,1045.5,554.5
461,1068,0,0.34150099754333496,348,387,392,501,370.0,444.0
461,1191,0,0.4262581467628479,958,457,1005,564,981.5,510.5
461,1222,3,0.30255264043807983,1005,514,1278,720,1141.5,617.0
462,1022,3,0.80177903175354,908,313,1177,411,1042.5,362.0
462,1129,3,0.787360668182373,458,330,646,412,552.0,371.0
462,1181,3,0.6908400058746338,375,325,491,367,433.0,346.0
462,31,5,0.8976619839668274,823,390,1271,720,1047.0,555.0
462,1068,0,0.2970637381076813,348,388,391,498,369.5,443.0
462,1191,0,0.3947280943393707,958,458,1004,565,981.0,511.5
462,1221,3,0.5436749458312988,32,334,109,400,70.5,367.0
463,1022,3,0.7279648780822754,919,309,1194,409,1056.5,359.0
463,1129,3,0.7851119041442871,473,331,667,415,570.0,373.0
463,1181,3,0.733599841594696,386,325,505,368,445.5,346.5
463,31,5,0.9143711924552917,824,392,1272,720,1048.0,556.0
463,1068,0,0.28301557898521423,348,390,389,496,368.5,443.0
463,1191,0,0.3853798508644104,957,458,1005,569,981.0,513.5
463,1231,3,0.3622983396053314,0,378,59,445,29.5,411.5
463,1221,3,0.7049240469932556,38,333,115,394,76.5,363.5
463,1222,3,0.2542896270751953,1004,513,1278,720,1141.0,616.5
464,1022,8,0.4783158600330353,935,303,1246,415,1090.5,359.0
464,1129,3,0.7815635204315186,488,331,688,418,588.0,374.5
464,1181,3,0.6556220650672913,397,326,519,371,458.0,348.5
464,31,5,0.9018203020095825,831,406,1263,720,1047.0,563.0
464,1191,0,0.3234483301639557,957,460,1006,573,981.5,516.5
464,1221,3,0.7445364594459534,42,332,125,394,83.5,363.0
464,1222,3,0.26572123169898987,1001,509,1280,720,1140.5,614.5
464,1167,3,0.5486173033714294,319,323,375,347,347.0,335.0
464,1079,1,0.31050506234169006,0,411,46,536,23.0,473.5
465,1022,3,0.6499621272087097,968,312,1268,420,1118.0,366.0
465,1129,3,0.7904345989227295,500,330,699,417,599.5,373.5
465,1181,3,0.6446706652641296,405,325,527,370,466.0,347.5
465,31,5,0.8945330381393433,831,411,1260,720,1045.5,565.5
465,1191,0,0.3019084632396698,952,459,1009,593,980.5,526.0
465,1221,3,0.7534075379371643,41,332,137,399,89.0,365.5
465,1222,3,0.2728694677352905,999,507,1280,720,1139.5,613.5
465,1167,3,0.3317272663116455,308,321,371,348,339.5,334.5
465,1079,1,0.29188162088394165,0,409,45,536,22.5,472.5
466,1022,3,0.6979407668113708,979,315,1280,427,1129.5,371.0
466,1129,3,0.7863426804542542,514,330,709,416,611.5,373.0
466,1181,3,0.608441174030304,401,324,545,378,473.0,351.0
466,31,5,0.7828426361083984,833,418,1255,720,1044.0,569.0
466,1191,0,0.27467045187950134,952,461,1009,601,980.5,531.0
466,1221,3,0.4597752094268799,46,331,153,403,99.5,367.0
466,1236,3,0.433197557926178,853,316,954,355,903.5,335.5
467,1022,3,0.5648257732391357,989,316,1280,430,1134.5,373.0
467,1129,3,0.7926693558692932,529,330,725,416,627.0,373.0
467,1181,3,0.6253598928451538,408,324,550,377,479.0,350.5
467,31,5,0.8569703102111816,834,421,1255,720,1044.5,570.5
467,1221,3,0.633405864238739,53,331,159,399,106.0,365.0
467,1236,3,0.30469468235969543,843,314,949,355,896.0,334.5
467,1068,0,0.2737923860549927,348,391,385,487,366.5,439.0
468,1022,3,0.5891019701957703,1008,318,1280,429,1144.0,373.5
468,1129,3,0.6995925903320312,544,331,739,416,641.5,373.5
468,1181,3,0.6648553013801575,419,325,553,373,486.0,349.0
468,31,5,0.8669845461845398,829,417,1260,720,1044.5,568.5
468,1221,3,0.6902225017547607,78,331,181,395,129.5,363.0
468,1236,3,0.5493519306182861,841,323,924,354,882.5,338.5
469,1022,3,0.5808775424957275,1019,321,1280,434,1149.5,377.5
469,1129,3,0.6602072715759277,556,331,759,419,657.5,375.0
469,1181,3,0.6782705187797546,438,326,567,372,502.5,349.0
469,31,5,0.915673553943634,826,413,1263,720,1044.5,566.5
469,1221,3,0.6989591121673584,73,330,184,396,128.5,363.0
469,1236,3,0.4558209478855133,834,324,915,355,874.5,339.5
470,1129,3,0.5284238457679749,577,333,776,419,676.5,376.0
470,1181,3,0.7623196840286255,466,327,590,371,528.0,349.0
470,31,5,0.8863778114318848,822,407,1268,720,1045.0,563.5
470,1221,3,0.7754537463188171,87,330,201,395,144.0,362.5
470,1236,3,0.5944657325744629,819,326,898,356,858.5,341.0
470,1187,0,0.39412420988082886,383,345,458,464,420.5,404.5
470,1207,8,0.3845776915550232,960,298,1128,369,1044.0,333.5
470,1068,0,0.29987791180610657,346,387,387,490,366.5,438.5
471,1129,3,0.7269381284713745,599,331,799,419,699.0,375.0
471,1181,3,0.7774835228919983,482,327,606,371,544.0,349.0
471,31,5,0.9119910597801208,816,399,1273,720,1044.5,559.5
471,1221,3,0.7599698901176453,94,330,212,396,153.0,363.0
471,1236,3,0.5824539065361023,808,325,889,356,848.5,340.5
471,1207,8,0.6123895645141602,956,298,1130,369,1043.0,333.5
471,1068,0,0.2956952452659607,345,384,388,494,366.5,439.0
471,1022,8,0.43448320031166077,1056,320,1280,425,1168.0,372.5
472,1129,3,0.8023346662521362,615,331,816,419,715.5,375.0
472,1181,3,0.736118733882904,500,326,628,372,564.0,349.0
472,31,5,0.8398314714431763,814,393,1278,720,1046.0,556.5
472,1221,3,0.795774519443512,98,331,222,398,160.0,364.5
472,1236,3,0.6576597690582275,783,319,879,355,831.0,337.0
472,1207,8,0.8011281490325928,955,297,1136,369,1045.5,333.0
473,1129,3,0.8117236495018005,624,332,827,420,725.5,376.0
473,1181,3,0.7789456844329834,508,325,640,372,574.0,348.5
473,31,5,0.8288615942001343,816,395,1276,720,1046.0,557.5
473,1221,3,0.8277499675750732,102,330,229,398,165.5,364.0
473,1236,3,0.5790783166885376,772,316,875,355,823.5,335.5
473,1207,8,0.6477886438369751,954,298,1139,369,1046.5,333.5
473,1022,3,0.6720782518386841,1112,321,1280,404,1196.0,362.5
474,1129,3,0.8025593757629395,634,333,840,422,737.0,377.5
474,1181,3,0.727668285369873,524,325,656,373,590.0,349.0
474,31,5,0.8489411473274231,817,392,1278,720,1047.5,556.0
474,1221,3,0.7878624796867371,107,333,236,398,171.5,365.5
474,1236,3,0.5901604294776917,759,322,853,357,806.0,339.5
474,1207,8,0.8489735126495361,955,299,1139,370,1047.0,334.5
475,1129,3,0.7653281688690186,644,333,852,422,748.0,377.5
475,1181,3,0.6857056021690369,538,325,669,373,603.5,349.0
475,31,5,0.8446282744407654,814,388,1280,720,1047.0,554.0
475,1221,3,0.7898184657096863,111,334,243,399,177.0,366.5
475,1236,3,0.3972768783569336,756,326,844,359,800.0,342.5
475,1207,8,0.7223595380783081,957,299,1141,370,1049.0,334.5
476,1129,3,0.8099173307418823,660,332,875,423,767.5,377.5
476,1181,3,0.4652441442012787,556,327,682,373,619.0,350.0
476,31,5,0.8603186011314392,813,387,1279,720,1046.0,553.5
476,1221,3,0.8442627191543579,123,334,260,400,191.5,367.0
476,1207,8,0.7561293840408325,958,300,1142,370,1050.0,335.0
477,1129,3,0.762441873550415,673,332,891,423,782.0,377.5
477,1181,3,0.2912746071815491,559,323,698,376,628.5,349.5
477,31,5,0.8910861015319824,812,384,1280,720,1046.0,552.0
477,1221,3,0.8453594446182251,130,335,270,400,200.0,367.5
477,1207,8,0.7718836069107056,958,300,1142,371,1050.0,335.5
